0,0,0
0,0,0
0,0,0
0,0,0
0,0,0
0,0,0
0,0,0
0,0,0
0,0,0
0,0,0
0,0,0
0,0,0
0,0,0
0,0,0
0,0,0
0,0,0
0,0,0
0,0,0
0,0,0
0,0,0
0,0,0
0,0,0
0,0,0
0,0,0
0,0,0
0,0,0
0,0,0
0,0,0
0,0,0
0,0,0
0,0,0
0,0,0
0,0,0
0,0,0
0,0,0
0,0,0
0,0,0
0,0,0
0,0,0
0,0,0
0,0,0
0,0,0
0,0,0
0,0,0
0,0,0
0,0,0
0,0,0
0,0,0
0,0,0
0,0,0
0,0,0
0,0,0
0,0,0
0,0,0
0,0,0
0,0,0
0,0,0
0,0,0
0,0,0
0,0,0
0,0,0
0,0,0
0,0,0
0,0,0
0,0,0
0,0,0
0,0,0
0,0,0
0,0,0
0,0,0
0,0,0
0,0,0
0,0,0
0,0,0
0,0,0
0,0,0
0,0,0
0,0,0
0,0,0
0,0,0
0,0,0
0,0,0
0,0,0
0,0,0
0,0,0
0,0,0
0,0,0
0,0,0
0,0,0
0,0,0
0,0,0
0,0,0
0,0,0
0,0,0
0,0,0
0,0,0
0,0,0
0,0,0
0,0,0
0,0,0
0,0,0
0,0,0
0,0,0
0,0,0
0,0,0
0,0,0
0,0,0
0,0,0
0,0,0
0,0,0
0,0,0
0,0,0
0,0,0
0,0,0
0,0,0
0,0,0
0,0,0
0,0,0
0,0,0
0,0,0
0,0,0
0,0,0
0,0,0
0,0,0
0,0,0
0,0,0
0,0,0
0,0,0
0,0,0
0,0,0
0,0,0
0,0,0
0,0,0
0,0,0
0,0,0
0,0,0
0,0,0
0,0,0
0,0,0
0,0,0
0,0,0
0,0,0
0,0,0
0,0,0
0,0,0
0,0,0
0,0,0
0,0,0
0,0,0
0,0,0
0,0,0
0,0,0
0,0,0
0,0,0
0,0,0
0,0,0
0,0,0
0,0,0
0,0,0
0,0,0
0,0,0
0,0,0
0,0,0
0,0,0
0,0,0
0,0,0
0,0,0
0,0,0
0,0,0
0,0,0
0,0,0
0,0,0
0,0,0
0,0,0
0,0,0
0,0,0
0,0,0
0,0,0
0,0,0
0,0,0
0,0,0
0,0,0
0,0,0
0,0,0
0,0,0
0,0,0
0,0,0
0,0,0
0,0,0
0,0,0
0,0,0
0,0,0
0,0,0
0,0,0
0,0,0
0,0,0
0,0,0
0,0,0
0,0,0
0,0,0
0,0,0
0,0,0
0,0,0
0,0,0
0,0,0
0,0,0
0,0,0
0,0,0
0,0,0
0,0,0
0,0,0
0,0,0
0,0,0
0,0,0
0,0,0
0,0,0
0,0,0
0,0,0
0,0,0
0,0,0
0,0,0
0,0,0
0,0,0
0,0,0
0,0,0
0,0,0
0,0,0
0,0,0
0,0,0
0,0,0
0,0,0
0,0,0
0,0,0
0,0,0
0,0,0
0,0,0
0,0,0
0,0,0
0,0,0
0,0,0
0,0,0
0,0,0
0,0,0
0,0,0
0,0,0
0,0,0
0,0,0
0,0,0
0,0,0
0,0,0
0,0,0
0,0,0
0,0,0
0,0,0
0,0,0
0,0,0
0,0,0
0,0,0
0,0,0
0,0,0
0,0,0
0,0,0
0,0,0
0,0,0
0,0,0
0,0,0
0,0,0
0,0,0
0,0,0
0,0,0
0,0,0
0,0,0
0,0,0
0,0,0
0,0,0
0,0,0
0,0,0
0,0,0
0,0,0
0,0,0
0,0,0
0,0,0
0,0,0
0,0,0
0,0,0
0,0,0
0,0,0
0,0,0
0,0,0
0,0,0
0,0,0
0,0,0
0,0,0
0,0,0
0,0,0
0,0,0
0,0,0
0,0,0
0,0,0
0,0,0
0,0,0
0,0,0
0,0,0
0,0,0
0,0,0
0,0,0
0,0,0
0,0,0
0,0,0
0,0,0
0,0,0
0,0,0
0,0,0
0,0,0
0,0,0
0,0,0
0,0,0
0,0,0
0,0,0
0,0,0
0,0,0
0,0,0
0,0,0
0,0,0
0,0,0
0,0,0
0,0,0
0,0,0
0,0,0
0,0,0
0,0,0
0,0,0
0,0,0
0,0,0
0,0,0
0,0,0
0,0,0
0,0,0
0,0,0
0,0,0
0,0,0
0,0,0
0,0,0
0,0,0
0,0,0
0,0,0
0,0,0
0,0,0
0,0,0
0,0,0
0,0,0
0,0,0
0,0,0
0,0,0
0,0,0
0,0,0
0,0,0
0,0,0
0,0,0
0,0,0
0,0,0
0,0,0
0,0,0
0,0,0
0,0,0
0,0,0
0,0,0
0,0,0
0,0,0
0,0,0
0,0,0
0,0,0
0,0,0
0,0,0
0,0,0
0,0,0
0,0,0
0,0,0
0,0,0
0,0,0
0,0,0
0,0,0
0,0,0
0,0,0
0,0,0
0,0,0
0,0,0
0,0,0
0,0,0
0,0,0
0,0,0
0,0,0
0,0,0
0,0,0
0,0,0
0,0,0
0,0,0
0,0,0
0,0,0
0,0,0
0.694307962,0,0.694307962
0.693900645,-0.023779015,0.694307962
0.692448531,-0.050779702,0.694307962
0.689594247,-0.080767076,0.694307962
0.684988274,-0.113378176,0.694307962
0.678318953,-0.148145013,0.694307962
0.669338497,-0.184525129,0.694307962
0.657881846,-0.221934728,0.694307962
0.643877468,-0.259779432,0.694307962
0.627351358,-0.297479109,0.694307962
0.608426705,-0.334485412,0.694307962
0.587321586,-0.370292993,0.694307962
0.564345829,-0.404446946,0.694307962
0.539896409,-0.43654944,0.694307962
0.514449221,-0.466267676,0.694307962
0.488544442,-0.493343567,0.694307962
0.462763432,-0.517603664,0.694307962
0.437696974,-0.538966517,0.694307962
0.413907197,-0.557444507,0.694307962
0.391887845,-0.573138259,0.694307962
0.37202881,-0.586223602,0.694307962
0.391887845,-0.573138259,0.694307962
0.413907197,-0.557444507,0.694307962
0.437696974,-0.538966517,0.694307962
0.462763432,-0.517603664,0.694307962
0.488544442,-0.493343567,0.694307962
0.514449221,-0.466267676,0.694307962
0.539896409,-0.43654944,0.694307962
0.564345829,-0.404446946,0.694307962
0.587321586,-0.370292993,0.694307962
0.608426705,-0.334485412,0.694307962
0.627351358,-0.297479109,0.694307962
0.643877468,-0.259779432,0.694307962
0.657881846,-0.221934728,0.694307962
0.669338497,-0.184525129,0.694307962
0.678318953,-0.148145013,0.694307962
0.684988274,-0.113378176,0.694307962
0.689594247,-0.080767076,0.694307962
0.692448531,-0.050779702,0.694307962
0.693900645,-0.023779015,0.694307962
0.694307962,0,0.694307962
0.693900645,-0.023779015,0.694307962
0.692448531,-0.050779702,0.694307962
0.689594247,-0.080767076,0.694307962
0.684988274,-0.113378176,0.694307962
0.678318953,-0.148145013,0.694307962
0.669338497,-0.184525129,0.694307962
0.657881846,-0.221934728,0.694307962
0.643877468,-0.259779432,0.694307962
0.627351358,-0.297479109,0.694307962
0.608426705,-0.334485412,0.694307962
0.587321586,-0.370292993,0.694307962
0.564345829,-0.404446946,0.694307962
0.539896409,-0.43654944,0.694307962
0.514449221,-0.466267676,0.694307962
0.488544442,-0.493343567,0.694307962
0.462763432,-0.517603664,0.694307962
0.437696974,-0.538966517,0.694307962
0.413907197,-0.557444507,0.694307962
0.391887845,-0.573138259,0.694307962
0.37202881,-0.586223602,0.694307962
0.391887845,-0.573138259,0.694307962
0.413907197,-0.557444507,0.694307962
0.437696974,-0.538966517,0.694307962
0.462763432,-0.517603664,0.694307962
0.488544442,-0.493343567,0.694307962
0.514449221,-0.466267676,0.694307962
0.539896409,-0.43654944,0.694307962
0.564345829,-0.404446946,0.694307962
0.587321586,-0.370292993,0.694307962
0.608426705,-0.334485412,0.694307962
0.627351358,-0.297479109,0.694307962
0.643877468,-0.259779432,0.694307962
0.657881846,-0.221934728,0.694307962
0.669338497,-0.184525129,0.694307962
0.678318953,-0.148145013,0.694307962
0.684988274,-0.113378176,0.694307962
0.689594247,-0.080767076,0.694307962
0.692448531,-0.050779702,0.694307962
0.693900645,-0.023779015,0.694307962
0.694307962,0,0.694307962
0.693900645,-0.023779015,0.694307962
0.692448531,-0.050779702,0.694307962
0.689594247,-0.080767076,0.694307962
0.684988274,-0.113378176,0.694307962
0.678318953,-0.148145013,0.694307962
0.669338497,-0.184525129,0.694307962
0.657881846,-0.221934728,0.694307962
0.643877468,-0.259779432,0.694307962
0.627351358,-0.297479109,0.694307962
0.608426705,-0.334485412,0.694307962
0.587321586,-0.370292993,0.694307962
0.564345829,-0.404446946,0.694307962
0.539896409,-0.43654944,0.694307962
0.514449221,-0.466267676,0.694307962
0.488544442,-0.493343567,0.694307962
0.462763432,-0.517603664,0.694307962
0.437696974,-0.538966517,0.694307962
0.413907197,-0.557444507,0.694307962
0.391887845,-0.573138259,0.694307962
0.37202881,-0.586223602,0.694307962
0.351733272,-0.598621125,0.694307962
0.328157757,-0.611862757,0.694307962
0.301309177,-0.625520844,0.694307962
0.271306711,-0.639105793,0.694307962
0.238378499,-0.652103702,0.694307962
0.202849782,-0.664014693,0.694307962
0.165125033,-0.674386588,0.694307962
0.125667771,-0.682840507,0.694307962
0.084981749,-0.689087548,0.694307962
0.043595958,-0.692937904,0.694307962
0.002053928,-0.694304924,0.694307962
-0.039094234,-0.693206454,0.694307962
-0.079299921,-0.689764503,0.694307962
-0.118027142,-0.684202558,0.694307962
-0.154768548,-0.676838417,0.694307962
-0.189066181,-0.668070001,0.694307962
-0.220534714,-0.658352479,0.694307962
-0.248883397,-0.648167109,0.694307962
-0.273932629,-0.637984687,0.694307962
-0.295621952,-0.628228627,0.694307962
-0.316964421,-0.617735463,0.694307962
-0.340777093,-0.604925218,0.694307962
-0.366695186,-0.589574582,0.694307962
-0.394241463,-0.571521842,0.694307962
-0.422859779,-0.55068426,0.694307962
-0.4519538,-0.5270686,0.694307962
-0.480925012,-0.50077408,0.694307962
-0.50920515,-0.471989049,0.694307962
-0.536280362,-0.440984036,0.694307962
-0.561706941,-0.408103981,0.694307962
-0.585120487,-0.373761371,0.694307962
-0.606241305,-0.338430238,0.694307962
-0.624878454,-0.302639165,0.694307962
-0.640933432,-0.266960452,0.694307962
-0.654402712,-0.231992753,0.694307962
-0.665376884,-0.198335951,0.694307962
-0.674033792,-0.166559281,0.694307962
-0.680623984,-0.137166102,0.694307962
-0.68544873,-0.110560322,0.694307962
-0.688833137,-0.087019862,0.694307962
-0.691409332,-0.063377301,0.694307962
-0.693352752,-0.036407525,0.694307962
-0.69427939,-0.006298873,0.694307962
-0.693796991,0.02663236,0.694307962
-0.691537699,0.061960938,0.694307962
-0.687187694,0.099179735,0.694307962
-0.680510048,0.137730247,0.694307962
-0.671359298,0.177031748,0.694307962
-0.659688524,0.216505423,0.694307962
-0.645551217,0.255591808,0.694307962
-0.629100398,0.293762209,0.694307962
-0.610586437,0.330526474,0.694307962
-0.590353318,0.365440155,0.694307962
-0.568831471,0.398113432,0.694307962
-0.546524468,0.428222551,0.694307962
-0.523987345,0.455522567,0.694307962
-0.501796018,0.479858628,0.694307962
-0.480509738,0.501172563,0.694307962
-0.460630963,0.519502322,0.694307962
-0.442568551,0.53497348,0.694307962
-0.460630963,0.519502322,0.694307962
-0.480509738,0.501172563,0.694307962
-0.501796018,0.479858628,0.694307962
-0.523987345,0.455522567,0.694307962
-0.546524468,0.428222551,0.694307962
-0.568831471,0.398113432,0.694307962
-0.590353318,0.365440155,0.694307962
-0.610586437,0.330526474,0.694307962
-0.629100398,0.293762209,0.694307962
-0.645551217,0.255591808,0.694307962
-0.659688524,0.216505423,0.694307962
-0.671359298,0.177031748,0.694307962
-0.680510048,0.137730247,0.694307962
-0.687187694,0.099179735,0.694307962
-0.691537699,0.061960938,0.694307962
-0.693796991,0.02663236,0.694307962
-0.69427939,-0.006298873,0.694307962
-0.693352752,-0.036407525,0.694307962
-0.691409332,-0.063377301,0.694307962
-0.688833137,-0.087019862,0.694307962
-0.691409332,-0.063377301,0.694307962
-0.693352752,-0.036407525,0.694307962
-0.69427939,-0.006298873,0.694307962
-0.693796991,0.02663236,0.694307962
-0.691537699,0.061960938,0.694307962
-0.687187694,0.099179735,0.694307962
-0.680510048,0.137730247,0.694307962
-0.671359298,0.177031748,0.694307962
-0.659688524,0.216505423,0.694307962
-0.645551217,0.255591808,0.694307962
-0.629100398,0.293762209,0.694307962
-0.610586437,0.330526474,0.694307962
-0.590353318,0.365440155,0.694307962
-0.568831471,0.398113432,0.694307962
-0.546524468,0.428222551,0.694307962
-0.523987345,0.455522567,0.694307962
-0.501796018,0.479858628,0.694307962
-0.480509738,0.501172563,0.694307962
-0.460630963,0.519502322,0.694307962
-0.442568551,0.53497348,0.694307962
-0.460630963,0.519502322,0.694307962
-0.480509738,0.501172563,0.694307962
-0.501796018,0.479858628,0.694307962
-0.523987345,0.455522567,0.694307962
-0.546524468,0.428222551,0.694307962
-0.568831471,0.398113432,0.694307962
-0.590353318,0.365440155,0.694307962
-0.610586437,0.330526474,0.694307962
-0.629100398,0.293762209,0.694307962
-0.645551217,0.255591808,0.694307962
-0.659688524,0.216505423,0.694307962
-0.671359298,0.177031748,0.694307962
-0.680510048,0.137730247,0.694307962
-0.687187694,0.099179735,0.694307962
-0.691537699,0.061960938,0.694307962
-0.693796991,0.02663236,0.694307962
-0.69427939,-0.006298873,0.694307962
-0.693352752,-0.036407525,0.694307962
-0.691409332,-0.063377301,0.694307962
-0.688833137,-0.087019862,0.694307962
-0.68544873,-0.110560322,0.694307962
-0.680623984,-0.137166102,0.694307962
-0.674033792,-0.166559281,0.694307962
-0.665376884,-0.198335951,0.694307962
-0.654402712,-0.231992753,0.694307962
-0.640933432,-0.266960452,0.694307962
-0.624878454,-0.302639165,0.694307962
-0.606241305,-0.338430238,0.694307962
-0.585120487,-0.373761371,0.694307962
-0.561706941,-0.408103981,0.694307962
-0.536280362,-0.440984036,0.694307962
-0.50920515,-0.471989049,0.694307962
-0.480925012,-0.50077408,0.694307962
-0.4519538,-0.5270686,0.694307962
-0.422859779,-0.55068426,0.694307962
-0.394241463,-0.571521842,0.694307962
-0.366695186,-0.589574582,0.694307962
-0.340777093,-0.604925218,0.694307962
-0.316964421,-0.617735463,0.694307962
-0.295621952,-0.628228627,0.694307962
-0.316964421,-0.617735463,0.694307962
-0.340777093,-0.604925218,0.694307962
-0.366695186,-0.589574582,0.694307962
-0.394241463,-0.571521842,0.694307962
-0.422859779,-0.55068426,0.694307962
-0.4519538,-0.5270686,0.694307962
-0.480925012,-0.50077408,0.694307962
-0.50920515,-0.471989049,0.694307962
-0.536280362,-0.440984036,0.694307962
-0.561706941,-0.408103981,0.694307962
-0.585120487,-0.373761371,0.694307962
-0.606241305,-0.338430238,0.694307962
-0.624878454,-0.302639165,0.694307962
-0.640933432,-0.266960452,0.694307962
-0.654402712,-0.231992753,0.694307962
-0.665376884,-0.198335951,0.694307962
-0.674033792,-0.166559281,0.694307962
-0.680623984,-0.137166102,0.694307962
-0.68544873,-0.110560322,0.694307962
-0.688833137,-0.087019862,0.694307962
-0.68544873,-0.110560322,0.694307962
-0.680623984,-0.137166102,0.694307962
-0.674033792,-0.166559281,0.694307962
-0.665376884,-0.198335951,0.694307962
-0.654402712,-0.231992753,0.694307962
-0.640933432,-0.266960452,0.694307962
-0.624878454,-0.302639165,0.694307962
-0.606241305,-0.338430238,0.694307962
-0.585120487,-0.373761371,0.694307962
-0.561706941,-0.408103981,0.694307962
-0.536280362,-0.440984036,0.694307962
-0.50920515,-0.471989049,0.694307962
-0.480925012,-0.50077408,0.694307962
-0.4519538,-0.5270686,0.694307962
-0.422859779,-0.55068426,0.694307962
-0.394241463,-0.571521842,0.694307962
-0.366695186,-0.589574582,0.694307962
-0.340777093,-0.604925218,0.694307962
-0.316964421,-0.617735463,0.694307962
-0.295621952,-0.628228627,0.694307962
-0.273932629,-0.637984687,0.694307962
-0.248883397,-0.648167109,0.694307962
-0.220534714,-0.658352479,0.694307962
-0.189066181,-0.668070001,0.694307962
-0.154768548,-0.676838417,0.694307962
-0.118027142,-0.684202558,0.694307962
-0.079299921,-0.689764503,0.694307962
-0.039094234,-0.693206454,0.694307962
0.002053928,-0.694304924,0.694307962
0.043595958,-0.692937904,0.694307962
0.084981749,-0.689087548,0.694307962
0.125667771,-0.682840507,0.694307962
0.165125033,-0.674386588,0.694307962
0.202849782,-0.664014693,0.694307962
0.238378499,-0.652103702,0.694307962
0.271306711,-0.639105793,0.694307962
0.301309177,-0.625520844,0.694307962
0.328157757,-0.611862757,0.694307962
0.351733272,-0.598621125,0.694307962
0.37202881,-0.586223602,0.694307962
0.351733272,-0.598621125,0.694307962
0.328157757,-0.611862757,0.694307962
0.301309177,-0.625520844,0.694307962
0.271306711,-0.639105793,0.694307962
0.238378499,-0.652103702,0.694307962
0.202849782,-0.664014693,0.694307962
0.165125033,-0.674386588,0.694307962
0.125667771,-0.682840507,0.694307962
0.084981749,-0.689087548,0.694307962
0.043595958,-0.692937904,0.694307962
0.002053928,-0.694304924,0.694307962
-0.039094234,-0.693206454,0.694307962
-0.079299921,-0.689764503,0.694307962
-0.118027142,-0.684202558,0.694307962
-0.154768548,-0.676838417,0.694307962
-0.189066181,-0.668070001,0.694307962
-0.220534714,-0.658352479,0.694307962
-0.248883397,-0.648167109,0.694307962
-0.273932629,-0.637984687,0.694307962
-0.295621952,-0.628228627,0.694307962
-0.316964421,-0.617735463,0.694307962
-0.340777093,-0.604925218,0.694307962
-0.366695186,-0.589574582,0.694307962
-0.394241463,-0.571521842,0.694307962
-0.422859779,-0.55068426,0.694307962
-0.4519538,-0.5270686,0.694307962
-0.480925012,-0.50077408,0.694307962
-0.50920515,-0.471989049,0.694307962
-0.536280362,-0.440984036,0.694307962
-0.561706941,-0.408103981,0.694307962
-0.585120487,-0.373761371,0.694307962
-0.606241305,-0.338430238,0.694307962
-0.624878454,-0.302639165,0.694307962
-0.640933432,-0.266960452,0.694307962
-0.654402712,-0.231992753,0.694307962
-0.665376884,-0.198335951,0.694307962
-0.674033792,-0.166559281,0.694307962
-0.680623984,-0.137166102,0.694307962
-0.68544873,-0.110560322,0.694307962
-0.688833137,-0.087019862,0.694307962
-0.68544873,-0.110560322,0.694307962
-0.680623984,-0.137166102,0.694307962
-0.674033792,-0.166559281,0.694307962
-0.665376884,-0.198335951,0.694307962
-0.654402712,-0.231992753,0.694307962
-0.640933432,-0.266960452,0.694307962
-0.624878454,-0.302639165,0.694307962
-0.606241305,-0.338430238,0.694307962
-0.585120487,-0.373761371,0.694307962
-0.561706941,-0.408103981,0.694307962
-0.536280362,-0.440984036,0.694307962
-0.50920515,-0.471989049,0.694307962
-0.480925012,-0.50077408,0.694307962
-0.4519538,-0.5270686,0.694307962
-0.422859779,-0.55068426,0.694307962
-0.394241463,-0.571521842,0.694307962
-0.366695186,-0.589574582,0.694307962
-0.340777093,-0.604925218,0.694307962
-0.316964421,-0.617735463,0.694307962
-0.295621952,-0.628228627,0.694307962
-0.273932629,-0.637984687,0.694307962
-0.248883397,-0.648167109,0.694307962
-0.220534714,-0.658352479,0.694307962
-0.189066181,-0.668070001,0.694307962
-0.154768548,-0.676838417,0.694307962
-0.118027142,-0.684202558,0.694307962
-0.079299921,-0.689764503,0.694307962
-0.039094234,-0.693206454,0.694307962
0.002053928,-0.694304924,0.694307962
0.043595958,-0.692937904,0.694307962
0.084981749,-0.689087548,0.694307962
0.125667771,-0.682840507,0.694307962
0.165125033,-0.674386588,0.694307962
0.202849782,-0.664014693,0.694307962
0.238378499,-0.652103702,0.694307962
0.271306711,-0.639105793,0.694307962
0.301309177,-0.625520844,0.694307962
0.328157757,-0.611862757,0.694307962
0.351733272,-0.598621125,0.694307962
0.37202881,-0.586223602,0.694307962
0.351733272,-0.598621125,0.694307962
0.328157757,-0.611862757,0.694307962
0.301309177,-0.625520844,0.694307962
0.271306711,-0.639105793,0.694307962
0.238378499,-0.652103702,0.694307962
0.202849782,-0.664014693,0.694307962
0.165125033,-0.674386588,0.694307962
0.125667771,-0.682840507,0.694307962
0.084981749,-0.689087548,0.694307962
0.043595958,-0.692937904,0.694307962
0.002053928,-0.694304924,0.694307962
-0.039094234,-0.693206454,0.694307962
-0.079299921,-0.689764503,0.694307962
-0.118027142,-0.684202558,0.694307962
-0.154768548,-0.676838417,0.694307962
-0.189066181,-0.668070001,0.694307962
-0.220534714,-0.658352479,0.694307962
-0.248883397,-0.648167109,0.694307962
-0.273932629,-0.637984687,0.694307962
-0.295621952,-0.628228627,0.694307962
-0.316964421,-0.617735463,0.694307962
-0.340777093,-0.604925218,0.694307962
-0.366695186,-0.589574582,0.694307962
-0.394241463,-0.571521842,0.694307962
-0.422859779,-0.55068426,0.694307962
-0.4519538,-0.5270686,0.694307962
-0.480925012,-0.50077408,0.694307962
-0.50920515,-0.471989049,0.694307962
-0.536280362,-0.440984036,0.694307962
-0.561706941,-0.408103981,0.694307962
-0.585120487,-0.373761371,0.694307962
-0.606241305,-0.338430238,0.694307962
-0.624878454,-0.302639165,0.694307962
-0.640933432,-0.266960452,0.694307962
-0.654402712,-0.231992753,0.694307962
-0.665376884,-0.198335951,0.694307962
-0.674033792,-0.166559281,0.694307962
-0.680623984,-0.137166102,0.694307962
-0.68544873,-0.110560322,0.694307962
-0.688833137,-0.087019862,0.694307962
-0.691409332,-0.063377301,0.694307962
-0.693352752,-0.036407525,0.694307962
-0.69427939,-0.006298873,0.694307962
-0.693796991,0.02663236,0.694307962
-0.691537699,0.061960938,0.694307962
-0.687187694,0.099179735,0.694307962
-0.680510048,0.137730247,0.694307962
-0.671359298,0.177031748,0.694307962
-0.659688524,0.216505423,0.694307962
-0.645551217,0.255591808,0.694307962
-0.629100398,0.293762209,0.694307962
-0.610586437,0.330526474,0.694307962
-0.590353318,0.365440155,0.694307962
-0.568831471,0.398113432,0.694307962
-0.546524468,0.428222551,0.694307962
-0.523987345,0.455522567,0.694307962
-0.501796018,0.479858628,0.694307962
-0.480509738,0.501172563,0.694307962
-0.460630963,0.519502322,0.694307962
-0.442568551,0.53497348,0.694307962
-0.460630963,0.519502322,0.694307962
-0.480509738,0.501172563,0.694307962
-0.501796018,0.479858628,0.694307962
-0.523987345,0.455522567,0.694307962
-0.546524468,0.428222551,0.694307962
-0.568831471,0.398113432,0.694307962
-0.590353318,0.365440155,0.694307962
-0.610586437,0.330526474,0.694307962
-0.629100398,0.293762209,0.694307962
-0.645551217,0.255591808,0.694307962
-0.659688524,0.216505423,0.694307962
-0.671359298,0.177031748,0.694307962
-0.680510048,0.137730247,0.694307962
-0.687187694,0.099179735,0.694307962
-0.691537699,0.061960938,0.694307962
-0.693796991,0.02663236,0.694307962
-0.69427939,-0.006298873,0.694307962
-0.693352752,-0.036407525,0.694307962
-0.691409332,-0.063377301,0.694307962
-0.688833137,-0.087019862,0.694307962
-0.68544873,-0.110560322,0.694307962
-0.680623984,-0.137166102,0.694307962
-0.674033792,-0.166559281,0.694307962
-0.665376884,-0.198335951,0.694307962
-0.654402712,-0.231992753,0.694307962
-0.640933432,-0.266960452,0.694307962
-0.624878454,-0.302639165,0.694307962
-0.606241305,-0.338430238,0.694307962
-0.585120487,-0.373761371,0.694307962
-0.561706941,-0.408103981,0.694307962
-0.536280362,-0.440984036,0.694307962
-0.50920515,-0.471989049,0.694307962
-0.480925012,-0.50077408,0.694307962
-0.4519538,-0.5270686,0.694307962
-0.422859779,-0.55068426,0.694307962
-0.394241463,-0.571521842,0.694307962
-0.366695186,-0.589574582,0.694307962
-0.340777093,-0.604925218,0.694307962
-0.316964421,-0.617735463,0.694307962
-0.295621952,-0.628228627,0.694307962
-0.273932629,-0.637984687,0.694307962
-0.248883397,-0.648167109,0.694307962
-0.220534714,-0.658352479,0.694307962
-0.189066181,-0.668070001,0.694307962
-0.154768548,-0.676838417,0.694307962
-0.118027142,-0.684202558,0.694307962
-0.079299921,-0.689764503,0.694307962
-0.039094234,-0.693206454,0.694307962
0.002053928,-0.694304924,0.694307962
0.043595958,-0.692937904,0.694307962
0.084981749,-0.689087548,0.694307962
0.125667771,-0.682840507,0.694307962
0.165125033,-0.674386588,0.694307962
0.202849782,-0.664014693,0.694307962
0.238378499,-0.652103702,0.694307962
0.271306711,-0.639105793,0.694307962
0.301309177,-0.625520844,0.694307962
0.328157757,-0.611862757,0.694307962
0.351733272,-0.598621125,0.694307962
0.37202881,-0.586223602,0.694307962
0.391887845,-0.573138259,0.694307962
0.413907197,-0.557444507,0.694307962
0.437696974,-0.538966517,0.694307962
0.462763432,-0.517603664,0.694307962
0.488544442,-0.493343567,0.694307962
0.514449221,-0.466267676,0.694307962
0.539896409,-0.43654944,0.694307962
0.564345829,-0.404446946,0.694307962
0.587321586,-0.370292993,0.694307962
0.608426705,-0.334485412,0.694307962
0.627351358,-0.297479109,0.694307962
0.643877468,-0.259779432,0.694307962
0.657881846,-0.221934728,0.694307962
0.669338497,-0.184525129,0.694307962
0.678318953,-0.148145013,0.694307962
0.684988274,-0.113378176,0.694307962
0.689594247,-0.080767076,0.694307962
0.692448531,-0.050779702,0.694307962
0.693900645,-0.023779015,0.694307962
0.694307962,2.42E-16,0.694307962
0.693900645,0.023779015,0.694307962
0.692448531,0.050779702,0.694307962
0.689594247,0.080767076,0.694307962
0.684988274,0.113378176,0.694307962
0.678318953,0.148145013,0.694307962
0.669338497,0.184525129,0.694307962
0.657881846,0.221934728,0.694307962
0.643877468,0.259779432,0.694307962
0.627351358,0.297479109,0.694307962
0.608426705,0.334485412,0.694307962
0.587321586,0.370292993,0.694307962
0.564345829,0.404446946,0.694307962
0.539896409,0.43654944,0.694307962
0.514449221,0.466267676,0.694307962
0.488544442,0.493343567,0.694307962
0.462763432,0.517603664,0.694307962
0.437696974,0.538966517,0.694307962
0.413907197,0.557444507,0.694307962
0.391887845,0.573138259,0.694307962
0.37202881,0.586223602,0.694307962
0.391887845,0.573138259,0.694307962
0.413907197,0.557444507,0.694307962
0.437696974,0.538966517,0.694307962
0.462763432,0.517603664,0.694307962
0.488544442,0.493343567,0.694307962
0.514449221,0.466267676,0.694307962
0.539896409,0.43654944,0.694307962
0.564345829,0.404446946,0.694307962
0.587321586,0.370292993,0.694307962
0.608426705,0.334485412,0.694307962
0.627351358,0.297479109,0.694307962
0.643877468,0.259779432,0.694307962
0.657881846,0.221934728,0.694307962
0.669338497,0.184525129,0.694307962
0.678318953,0.148145013,0.694307962
0.684988274,0.113378176,0.694307962
0.689594247,0.080767076,0.694307962
0.692448531,0.050779702,0.694307962
0.693900645,0.023779015,0.694307962
0.694307962,2.42E-16,0.694307962
0.693900645,-0.023779015,0.694307962
0.692448531,-0.050779702,0.694307962
0.689594247,-0.080767076,0.694307962
0.684988274,-0.113378176,0.694307962
0.678318953,-0.148145013,0.694307962
0.669338497,-0.184525129,0.694307962
0.657881846,-0.221934728,0.694307962
0.643877468,-0.259779432,0.694307962
0.627351358,-0.297479109,0.694307962
0.608426705,-0.334485412,0.694307962
0.587321586,-0.370292993,0.694307962
0.564345829,-0.404446946,0.694307962
0.539896409,-0.43654944,0.694307962
0.514449221,-0.466267676,0.694307962
0.488544442,-0.493343567,0.694307962
0.462763432,-0.517603664,0.694307962
0.437696974,-0.538966517,0.694307962
0.413907197,-0.557444507,0.694307962
0.391887845,-0.573138259,0.694307962
0.37202881,-0.586223602,0.694307962
0.391887845,-0.573138259,0.694307962
0.413907197,-0.557444507,0.694307962
0.437696974,-0.538966517,0.694307962
0.462763432,-0.517603664,0.694307962
0.488544442,-0.493343567,0.694307962
0.514449221,-0.466267676,0.694307962
0.539896409,-0.43654944,0.694307962
0.564345829,-0.404446946,0.694307962
0.587321586,-0.370292993,0.694307962
0.608426705,-0.334485412,0.694307962
0.627351358,-0.297479109,0.694307962
0.643877468,-0.259779432,0.694307962
0.657881846,-0.221934728,0.694307962
0.669338497,-0.184525129,0.694307962
0.678318953,-0.148145013,0.694307962
0.684988274,-0.113378176,0.694307962
0.689594247,-0.080767076,0.694307962
0.692448531,-0.050779702,0.694307962
0.693900645,-0.023779015,0.694307962
0.694307962,2.42E-16,0.694307962
0.693900645,-0.023779015,0.694307962
0.692448531,-0.050779702,0.694307962
0.689594247,-0.080767076,0.694307962
0.684988274,-0.113378176,0.694307962
0.678318953,-0.148145013,0.694307962
0.669338497,-0.184525129,0.694307962
0.657881846,-0.221934728,0.694307962
0.643877468,-0.259779432,0.694307962
0.627351358,-0.297479109,0.694307962
0.608426705,-0.334485412,0.694307962
0.587321586,-0.370292993,0.694307962
0.564345829,-0.404446946,0.694307962
0.539896409,-0.43654944,0.694307962
0.514449221,-0.466267676,0.694307962
0.488544442,-0.493343567,0.694307962
0.462763432,-0.517603664,0.694307962
0.437696974,-0.538966517,0.694307962
0.413907197,-0.557444507,0.694307962
0.391887845,-0.573138259,0.694307962
0.37202881,-0.586223602,0.694307962
0.351733272,-0.598621125,0.694307962
0.328157757,-0.611862757,0.694307962
0.301309177,-0.625520844,0.694307962
0.271306711,-0.639105793,0.694307962
0.238378499,-0.652103702,0.694307962
0.202849782,-0.664014693,0.694307962
0.165125033,-0.674386588,0.694307962
0.125667771,-0.682840507,0.694307962
0.084981749,-0.689087548,0.694307962
0.043595958,-0.692937904,0.694307962
0.002053928,-0.694304924,0.694307962
-0.039094234,-0.693206454,0.694307962
-0.079299921,-0.689764503,0.694307962
-0.118027142,-0.684202558,0.694307962
-0.154768548,-0.676838417,0.694307962
-0.189066181,-0.668070001,0.694307962
-0.220534714,-0.658352479,0.694307962
-0.248883397,-0.648167109,0.694307962
-0.273932629,-0.637984687,0.694307962
-0.295621952,-0.628228627,0.694307962
-0.273932629,-0.637984687,0.694307962
-0.248883397,-0.648167109,0.694307962
-0.220534714,-0.658352479,0.694307962
-0.189066181,-0.668070001,0.694307962
-0.154768548,-0.676838417,0.694307962
-0.118027142,-0.684202558,0.694307962
-0.079299921,-0.689764503,0.694307962
-0.039094234,-0.693206454,0.694307962
0.002053928,-0.694304924,0.694307962
0.043595958,-0.692937904,0.694307962
0.084981749,-0.689087548,0.694307962
0.125667771,-0.682840507,0.694307962
0.165125033,-0.674386588,0.694307962
0.202849782,-0.664014693,0.694307962
0.238378499,-0.652103702,0.694307962
0.271306711,-0.639105793,0.694307962
0.301309177,-0.625520844,0.694307962
0.328157757,-0.611862757,0.694307962
0.351733272,-0.598621125,0.694307962
0.37202881,-0.586223602,0.694307962
0.391887845,-0.573138259,0.694307962
0.413907197,-0.557444507,0.694307962
0.437696974,-0.538966517,0.694307962
0.462763432,-0.517603664,0.694307962
0.488544442,-0.493343567,0.694307962
0.514449221,-0.466267676,0.694307962
0.539896409,-0.43654944,0.694307962
0.564345829,-0.404446946,0.694307962
0.587321586,-0.370292993,0.694307962
0.608426705,-0.334485412,0.694307962
0.627351358,-0.297479109,0.694307962
0.643877468,-0.259779432,0.694307962
0.657881846,-0.221934728,0.694307962
0.669338497,-0.184525129,0.694307962
0.678318953,-0.148145013,0.694307962
0.684988274,-0.113378176,0.694307962
0.689594247,-0.080767076,0.694307962
0.692448531,-0.050779702,0.694307962
0.693900645,-0.023779015,0.694307962
0.694307962,2.42E-16,0.694307962
0.693900645,-0.023779015,0.694307962
0.692448531,-0.050779702,0.694307962
0.689594247,-0.080767076,0.694307962
0.684988274,-0.113378176,0.694307962
0.678318953,-0.148145013,0.694307962
0.669338497,-0.184525129,0.694307962
0.657881846,-0.221934728,0.694307962
0.643877468,-0.259779432,0.694307962
0.627351358,-0.297479109,0.694307962
0.608426705,-0.334485412,0.694307962
0.587321586,-0.370292993,0.694307962
0.564345829,-0.404446946,0.694307962
0.539896409,-0.43654944,0.694307962
0.514449221,-0.466267676,0.694307962
0.488544442,-0.493343567,0.694307962
0.462763432,-0.517603664,0.694307962
0.437696974,-0.538966517,0.694307962
0.413907197,-0.557444507,0.694307962
0.391887845,-0.573138259,0.694307962
0.37202881,-0.586223602,0.694307962
0.391887845,-0.573138259,0.694307962
0.413907197,-0.557444507,0.694307962
0.437696974,-0.538966517,0.694307962
0.462763432,-0.517603664,0.694307962
0.488544442,-0.493343567,0.694307962
0.514449221,-0.466267676,0.694307962
0.539896409,-0.43654944,0.694307962
0.564345829,-0.404446946,0.694307962
0.587321586,-0.370292993,0.694307962
0.608426705,-0.334485412,0.694307962
0.627351358,-0.297479109,0.694307962
0.643877468,-0.259779432,0.694307962
0.657881846,-0.221934728,0.694307962
0.669338497,-0.184525129,0.694307962
0.678318953,-0.148145013,0.694307962
0.684988274,-0.113378176,0.694307962
0.689594247,-0.080767076,0.694307962
0.692448531,-0.050779702,0.694307962
0.693900645,-0.023779015,0.694307962
0.694307962,2.42E-16,0.694307962
0.693900645,-0.023779015,0.694307962
0.692448531,-0.050779702,0.694307962
0.689594247,-0.080767076,0.694307962
0.684988274,-0.113378176,0.694307962
0.678318953,-0.148145013,0.694307962
0.669338497,-0.184525129,0.694307962
0.657881846,-0.221934728,0.694307962
0.643877468,-0.259779432,0.694307962
0.627351358,-0.297479109,0.694307962
0.608426705,-0.334485412,0.694307962
0.587321586,-0.370292993,0.694307962
0.564345829,-0.404446946,0.694307962
0.539896409,-0.43654944,0.694307962
0.514449221,-0.466267676,0.694307962
0.488544442,-0.493343567,0.694307962
0.462763432,-0.517603664,0.694307962
0.437696974,-0.538966517,0.694307962
0.413907197,-0.557444507,0.694307962
0.391887845,-0.573138259,0.694307962
0.37202881,-0.586223602,0.694307962
0.351733272,-0.598621125,0.694307962
0.328157757,-0.611862757,0.694307962
0.301309177,-0.625520844,0.694307962
0.271306711,-0.639105793,0.694307962
0.238378499,-0.652103702,0.694307962
0.202849782,-0.664014693,0.694307962
0.165125033,-0.674386588,0.694307962
0.125667771,-0.682840507,0.694307962
0.084981749,-0.689087548,0.694307962
0.043595958,-0.692937904,0.694307962
0.002053928,-0.694304924,0.694307962
-0.039094234,-0.693206454,0.694307962
-0.079299921,-0.689764503,0.694307962
-0.118027142,-0.684202558,0.694307962
-0.154768548,-0.676838417,0.694307962
-0.189066181,-0.668070001,0.694307962
-0.220534714,-0.658352479,0.694307962
-0.248883397,-0.648167109,0.694307962
-0.273932629,-0.637984687,0.694307962
-0.295621952,-0.628228627,0.694307962
-0.273932629,-0.637984687,0.694307962
-0.248883397,-0.648167109,0.694307962
-0.220534714,-0.658352479,0.694307962
-0.189066181,-0.668070001,0.694307962
-0.154768548,-0.676838417,0.694307962
-0.118027142,-0.684202558,0.694307962
-0.079299921,-0.689764503,0.694307962
-0.039094234,-0.693206454,0.694307962
0.002053928,-0.694304924,0.694307962
0.043595958,-0.692937904,0.694307962
0.084981749,-0.689087548,0.694307962
0.125667771,-0.682840507,0.694307962
0.165125033,-0.674386588,0.694307962
0.202849782,-0.664014693,0.694307962
0.238378499,-0.652103702,0.694307962
0.271306711,-0.639105793,0.694307962
0.301309177,-0.625520844,0.694307962
0.328157757,-0.611862757,0.694307962
0.351733272,-0.598621125,0.694307962
0.37202881,-0.586223602,0.694307962
0.391887845,-0.573138259,0.694307962
0.413907197,-0.557444507,0.694307962
0.437696974,-0.538966517,0.694307962
0.462763432,-0.517603664,0.694307962
0.488544442,-0.493343567,0.694307962
0.514449221,-0.466267676,0.694307962
0.539896409,-0.43654944,0.694307962
0.564345829,-0.404446946,0.694307962
0.587321586,-0.370292993,0.694307962
0.608426705,-0.334485412,0.694307962
0.627351358,-0.297479109,0.694307962
0.643877468,-0.259779432,0.694307962
0.657881846,-0.221934728,0.694307962
0.669338497,-0.184525129,0.694307962
0.678318953,-0.148145013,0.694307962
0.684988274,-0.113378176,0.694307962
0.689594247,-0.080767076,0.694307962
0.692448531,-0.050779702,0.694307962
0.693900645,-0.023779015,0.694307962
0.694307962,2.42E-16,0.694307962
0.693900645,-0.023779015,0.694307962
0.692448531,-0.050779702,0.694307962
0.689594247,-0.080767076,0.694307962
0.684988274,-0.113378176,0.694307962
0.678318953,-0.148145013,0.694307962
0.669338497,-0.184525129,0.694307962
0.657881846,-0.221934728,0.694307962
0.643877468,-0.259779432,0.694307962
0.627351358,-0.297479109,0.694307962
0.608426705,-0.334485412,0.694307962
0.587321586,-0.370292993,0.694307962
0.564345829,-0.404446946,0.694307962
0.539896409,-0.43654944,0.694307962
0.514449221,-0.466267676,0.694307962
0.488544442,-0.493343567,0.694307962
0.462763432,-0.517603664,0.694307962
0.437696974,-0.538966517,0.694307962
0.413907197,-0.557444507,0.694307962
0.391887845,-0.573138259,0.694307962
0.37202881,-0.586223602,0.694307962
0.391887845,-0.573138259,0.694307962
0.413907197,-0.557444507,0.694307962
0.437696974,-0.538966517,0.694307962
0.462763432,-0.517603664,0.694307962
0.488544442,-0.493343567,0.694307962
0.514449221,-0.466267676,0.694307962
0.539896409,-0.43654944,0.694307962
0.564345829,-0.404446946,0.694307962
0.587321586,-0.370292993,0.694307962
0.608426705,-0.334485412,0.694307962
0.627351358,-0.297479109,0.694307962
0.643877468,-0.259779432,0.694307962
0.657881846,-0.221934728,0.694307962
0.669338497,-0.184525129,0.694307962
0.678318953,-0.148145013,0.694307962
0.684988274,-0.113378176,0.694307962
0.689594247,-0.080767076,0.694307962
0.692448531,-0.050779702,0.694307962
0.693900645,-0.023779015,0.694307962
0.694307962,2.42E-16,0.694307962
0.693900645,-0.023779015,0.694307962
0.692448531,-0.050779702,0.694307962
0.689594247,-0.080767076,0.694307962
0.684988274,-0.113378176,0.694307962
0.678318953,-0.148145013,0.694307962
0.669338497,-0.184525129,0.694307962
0.657881846,-0.221934728,0.694307962
0.643877468,-0.259779432,0.694307962
0.627351358,-0.297479109,0.694307962
0.608426705,-0.334485412,0.694307962
0.587321586,-0.370292993,0.694307962
0.564345829,-0.404446946,0.694307962
0.539896409,-0.43654944,0.694307962
0.514449221,-0.466267676,0.694307962
0.488544442,-0.493343567,0.694307962
0.462763432,-0.517603664,0.694307962
0.437696974,-0.538966517,0.694307962
0.413907197,-0.557444507,0.694307962
0.391887845,-0.573138259,0.694307962
0.37202881,-0.586223602,0.694307962
0.391887845,-0.573138259,0.694307962
0.413907197,-0.557444507,0.694307962
0.437696974,-0.538966517,0.694307962
0.462763432,-0.517603664,0.694307962
0.488544442,-0.493343567,0.694307962
0.514449221,-0.466267676,0.694307962
0.539896409,-0.43654944,0.694307962
0.564345829,-0.404446946,0.694307962
0.587321586,-0.370292993,0.694307962
0.608426705,-0.334485412,0.694307962
0.627351358,-0.297479109,0.694307962
0.643877468,-0.259779432,0.694307962
0.657881846,-0.221934728,0.694307962
0.669338497,-0.184525129,0.694307962
0.678318953,-0.148145013,0.694307962
0.684988274,-0.113378176,0.694307962
0.689594247,-0.080767076,0.694307962
0.692448531,-0.050779702,0.694307962
0.693900645,-0.023779015,0.694307962
0.694307962,2.42E-16,0.694307962
0.693900645,-0.023779015,0.694307962
0.692448531,-0.050779702,0.694307962
0.689594247,-0.080767076,0.694307962
0.684988274,-0.113378176,0.694307962
0.678318953,-0.148145013,0.694307962
0.669338497,-0.184525129,0.694307962
0.657881846,-0.221934728,0.694307962
0.643877468,-0.259779432,0.694307962
0.627351358,-0.297479109,0.694307962
0.608426705,-0.334485412,0.694307962
0.587321586,-0.370292993,0.694307962
0.564345829,-0.404446946,0.694307962
0.539896409,-0.43654944,0.694307962
0.514449221,-0.466267676,0.694307962
0.488544442,-0.493343567,0.694307962
0.462763432,-0.517603664,0.694307962
0.437696974,-0.538966517,0.694307962
0.413907197,-0.557444507,0.694307962
0.391887845,-0.573138259,0.694307962
0.37202881,-0.586223602,0.694307962
0.391887845,-0.573138259,0.694307962
0.413907197,-0.557444507,0.694307962
0.437696974,-0.538966517,0.694307962
0.462763432,-0.517603664,0.694307962
0.488544442,-0.493343567,0.694307962
0.514449221,-0.466267676,0.694307962
0.539896409,-0.43654944,0.694307962
0.564345829,-0.404446946,0.694307962
0.587321586,-0.370292993,0.694307962
0.608426705,-0.334485412,0.694307962
0.627351358,-0.297479109,0.694307962
0.643877468,-0.259779432,0.694307962
0.657881846,-0.221934728,0.694307962
0.669338497,-0.184525129,0.694307962
0.678318953,-0.148145013,0.694307962
0.684988274,-0.113378176,0.694307962
0.689594247,-0.080767076,0.694307962
0.692448531,-0.050779702,0.694307962
0.693900645,-0.023779015,0.694307962
0.694307962,2.42E-16,0.694307962
0.693900645,0.023779015,0.694307962
0.692448531,0.050779702,0.694307962
0.689594247,0.080767076,0.694307962
0.684988274,0.113378176,0.694307962
0.678318953,0.148145013,0.694307962
0.669338497,0.184525129,0.694307962
0.657881846,0.221934728,0.694307962
0.643877468,0.259779432,0.694307962
0.627351358,0.297479109,0.694307962
0.608426705,0.334485412,0.694307962
0.587321586,0.370292993,0.694307962
0.564345829,0.404446946,0.694307962
0.539896409,0.43654944,0.694307962
0.514449221,0.466267676,0.694307962
0.488544442,0.493343567,0.694307962
0.462763432,0.517603664,0.694307962
0.437696974,0.538966517,0.694307962
0.413907197,0.557444507,0.694307962
0.391887845,0.573138259,0.694307962
0.37202881,0.586223602,0.694307962
0.391887845,0.573138259,0.694307962
0.413907197,0.557444507,0.694307962
0.437696974,0.538966517,0.694307962
0.462763432,0.517603664,0.694307962
0.488544442,0.493343567,0.694307962
0.514449221,0.466267676,0.694307962
0.539896409,0.43654944,0.694307962
0.564345829,0.404446946,0.694307962
0.587321586,0.370292993,0.694307962
0.608426705,0.334485412,0.694307962
0.627351358,0.297479109,0.694307962
0.643877468,0.259779432,0.694307962
0.657881846,0.221934728,0.694307962
0.669338497,0.184525129,0.694307962
0.678318953,0.148145013,0.694307962
0.684988274,0.113378176,0.694307962
0.689594247,0.080767076,0.694307962
0.692448531,0.050779702,0.694307962
0.693900645,0.023779015,0.694307962
0.694307962,2.42E-16,0.694307962
0.693900645,-0.023779015,0.694307962
0.692448531,-0.050779702,0.694307962
0.689594247,-0.080767076,0.694307962
0.684988274,-0.113378176,0.694307962
0.678318953,-0.148145013,0.694307962
0.669338497,-0.184525129,0.694307962
0.657881846,-0.221934728,0.694307962
0.643877468,-0.259779432,0.694307962
0.627351358,-0.297479109,0.694307962
0.608426705,-0.334485412,0.694307962
0.587321586,-0.370292993,0.694307962
0.564345829,-0.404446946,0.694307962
0.539896409,-0.43654944,0.694307962
0.514449221,-0.466267676,0.694307962
0.488544442,-0.493343567,0.694307962
0.462763432,-0.517603664,0.694307962
0.437696974,-0.538966517,0.694307962
0.413907197,-0.557444507,0.694307962
0.391887845,-0.573138259,0.694307962
0.37202881,-0.586223602,0.694307962
0.391887845,-0.573138259,0.694307962
0.413907197,-0.557444507,0.694307962
0.437696974,-0.538966517,0.694307962
0.462763432,-0.517603664,0.694307962
0.488544442,-0.493343567,0.694307962
0.514449221,-0.466267676,0.694307962
0.539896409,-0.43654944,0.694307962
0.564345829,-0.404446946,0.694307962
0.587321586,-0.370292993,0.694307962
0.608426705,-0.334485412,0.694307962
0.627351358,-0.297479109,0.694307962
0.643877468,-0.259779432,0.694307962
0.657881846,-0.221934728,0.694307962
0.669338497,-0.184525129,0.694307962
0.678318953,-0.148145013,0.694307962
0.684988274,-0.113378176,0.694307962
0.689594247,-0.080767076,0.694307962
0.692448531,-0.050779702,0.694307962
0.693900645,-0.023779015,0.694307962
0.694307962,2.42E-16,0.694307962
0.693900645,-0.023779015,0.694307962
0.692448531,-0.050779702,0.694307962
0.689594247,-0.080767076,0.694307962
0.684988274,-0.113378176,0.694307962
0.678318953,-0.148145013,0.694307962
0.669338497,-0.184525129,0.694307962
0.657881846,-0.221934728,0.694307962
0.643877468,-0.259779432,0.694307962
0.627351358,-0.297479109,0.694307962
0.608426705,-0.334485412,0.694307962
0.587321586,-0.370292993,0.694307962
0.564345829,-0.404446946,0.694307962
0.539896409,-0.43654944,0.694307962
0.514449221,-0.466267676,0.694307962
0.488544442,-0.493343567,0.694307962
0.462763432,-0.517603664,0.694307962
0.437696974,-0.538966517,0.694307962
0.413907197,-0.557444507,0.694307962
0.391887845,-0.573138259,0.694307962
0.37202881,-0.586223602,0.694307962
0.351733272,-0.598621125,0.694307962
0.328157757,-0.611862757,0.694307962
0.301309177,-0.625520844,0.694307962
0.271306711,-0.639105793,0.694307962
0.238378499,-0.652103702,0.694307962
0.202849782,-0.664014693,0.694307962
0.165125033,-0.674386588,0.694307962
0.125667771,-0.682840507,0.694307962
0.084981749,-0.689087548,0.694307962
0.043595958,-0.692937904,0.694307962
0.002053928,-0.694304924,0.694307962
-0.039094234,-0.693206454,0.694307962
-0.079299921,-0.689764503,0.694307962
-0.118027142,-0.684202558,0.694307962
-0.154768548,-0.676838417,0.694307962
-0.189066181,-0.668070001,0.694307962
-0.220534714,-0.658352479,0.694307962
-0.248883397,-0.648167109,0.694307962
-0.273932629,-0.637984687,0.694307962
-0.295621952,-0.628228627,0.694307962
-0.316964421,-0.617735463,0.694307962
-0.340777093,-0.604925218,0.694307962
-0.366695186,-0.589574582,0.694307962
-0.394241463,-0.571521842,0.694307962
-0.422859779,-0.55068426,0.694307962
-0.4519538,-0.5270686,0.694307962
-0.480925012,-0.50077408,0.694307962
-0.50920515,-0.471989049,0.694307962
-0.536280362,-0.440984036,0.694307962
-0.561706941,-0.408103981,0.694307962
-0.585120487,-0.373761371,0.694307962
-0.606241305,-0.338430238,0.694307962
-0.624878454,-0.302639165,0.694307962
-0.640933432,-0.266960452,0.694307962
-0.654402712,-0.231992753,0.694307962
-0.665376884,-0.198335951,0.694307962
-0.674033792,-0.166559281,0.694307962
-0.680623984,-0.137166102,0.694307962
-0.68544873,-0.110560322,0.694307962
-0.688833137,-0.087019862,0.694307962
-0.68544873,-0.110560322,0.694307962
-0.680623984,-0.137166102,0.694307962
-0.674033792,-0.166559281,0.694307962
-0.665376884,-0.198335951,0.694307962
-0.654402712,-0.231992753,0.694307962
-0.640933432,-0.266960452,0.694307962
-0.624878454,-0.302639165,0.694307962
-0.606241305,-0.338430238,0.694307962
-0.585120487,-0.373761371,0.694307962
-0.561706941,-0.408103981,0.694307962
-0.536280362,-0.440984036,0.694307962
-0.50920515,-0.471989049,0.694307962
-0.480925012,-0.50077408,0.694307962
-0.4519538,-0.5270686,0.694307962
-0.422859779,-0.55068426,0.694307962
-0.394241463,-0.571521842,0.694307962
-0.366695186,-0.589574582,0.694307962
-0.340777093,-0.604925218,0.694307962
-0.316964421,-0.617735463,0.694307962
-0.295621952,-0.628228627,0.694307962
-0.273932629,-0.637984687,0.694307962
-0.248883397,-0.648167109,0.694307962
-0.220534714,-0.658352479,0.694307962
-0.189066181,-0.668070001,0.694307962
-0.154768548,-0.676838417,0.694307962
-0.118027142,-0.684202558,0.694307962
-0.079299921,-0.689764503,0.694307962
-0.039094234,-0.693206454,0.694307962
0.002053928,-0.694304924,0.694307962
0.043595958,-0.692937904,0.694307962
0.084981749,-0.689087548,0.694307962
0.125667771,-0.682840507,0.694307962
0.165125033,-0.674386588,0.694307962
0.202849782,-0.664014693,0.694307962
0.238378499,-0.652103702,0.694307962
0.271306711,-0.639105793,0.694307962
0.301309177,-0.625520844,0.694307962
0.328157757,-0.611862757,0.694307962
0.351733272,-0.598621125,0.694307962
0.37202881,-0.586223602,0.694307962
0.391887845,-0.573138259,0.694307962
0.413907197,-0.557444507,0.694307962
0.437696974,-0.538966517,0.694307962
0.462763432,-0.517603664,0.694307962
0.488544442,-0.493343567,0.694307962
0.514449221,-0.466267676,0.694307962
0.539896409,-0.43654944,0.694307962
0.564345829,-0.404446946,0.694307962
0.587321586,-0.370292993,0.694307962
0.608426705,-0.334485412,0.694307962
0.627351358,-0.297479109,0.694307962
0.643877468,-0.259779432,0.694307962
0.657881846,-0.221934728,0.694307962
0.669338497,-0.184525129,0.694307962
0.678318953,-0.148145013,0.694307962
0.684988274,-0.113378176,0.694307962
0.689594247,-0.080767076,0.694307962
0.692448531,-0.050779702,0.694307962
0.693900645,-0.023779015,0.694307962
0.694307962,2.42E-16,0.694307962
0.693900645,0.023779015,0.694307962
0.692448531,0.050779702,0.694307962
0.689594247,0.080767076,0.694307962
0.684988274,0.113378176,0.694307962
0.678318953,0.148145013,0.694307962
0.669338497,0.184525129,0.694307962
0.657881846,0.221934728,0.694307962
0.643877468,0.259779432,0.694307962
0.627351358,0.297479109,0.694307962
0.608426705,0.334485412,0.694307962
0.587321586,0.370292993,0.694307962
0.564345829,0.404446946,0.694307962
0.539896409,0.43654944,0.694307962
0.514449221,0.466267676,0.694307962
0.488544442,0.493343567,0.694307962
0.462763432,0.517603664,0.694307962
0.437696974,0.538966517,0.694307962
0.413907197,0.557444507,0.694307962
0.391887845,0.573138259,0.694307962
0.37202881,0.586223602,0.694307962
0.391887845,0.573138259,0.694307962
0.413907197,0.557444507,0.694307962
0.437696974,0.538966517,0.694307962
0.462763432,0.517603664,0.694307962
0.488544442,0.493343567,0.694307962
0.514449221,0.466267676,0.694307962
0.539896409,0.43654944,0.694307962
0.564345829,0.404446946,0.694307962
0.587321586,0.370292993,0.694307962
0.608426705,0.334485412,0.694307962
0.627351358,0.297479109,0.694307962
0.643877468,0.259779432,0.694307962
0.657881846,0.221934728,0.694307962
0.669338497,0.184525129,0.694307962
0.678318953,0.148145013,0.694307962
0.684988274,0.113378176,0.694307962
0.689594247,0.080767076,0.694307962
0.692448531,0.050779702,0.694307962
0.693900645,0.023779015,0.694307962
0.694307962,2.42E-16,0.694307962
0.693900645,-0.023779015,0.694307962
0.692448531,-0.050779702,0.694307962
0.689594247,-0.080767076,0.694307962
0.684988274,-0.113378176,0.694307962
0.678318953,-0.148145013,0.694307962
0.669338497,-0.184525129,0.694307962
0.657881846,-0.221934728,0.694307962
0.643877468,-0.259779432,0.694307962
0.627351358,-0.297479109,0.694307962
0.608426705,-0.334485412,0.694307962
0.587321586,-0.370292993,0.694307962
0.564345829,-0.404446946,0.694307962
0.539896409,-0.43654944,0.694307962
0.514449221,-0.466267676,0.694307962
0.488544442,-0.493343567,0.694307962
0.462763432,-0.517603664,0.694307962
0.437696974,-0.538966517,0.694307962
0.413907197,-0.557444507,0.694307962
0.391887845,-0.573138259,0.694307962
0.37202881,-0.586223602,0.694307962
0.391887845,-0.573138259,0.694307962
0.413907197,-0.557444507,0.694307962
0.437696974,-0.538966517,0.694307962
0.462763432,-0.517603664,0.694307962
0.488544442,-0.493343567,0.694307962
0.514449221,-0.466267676,0.694307962
0.539896409,-0.43654944,0.694307962
0.564345829,-0.404446946,0.694307962
0.587321586,-0.370292993,0.694307962
0.608426705,-0.334485412,0.694307962
0.627351358,-0.297479109,0.694307962
0.643877468,-0.259779432,0.694307962
0.657881846,-0.221934728,0.694307962
0.669338497,-0.184525129,0.694307962
0.678318953,-0.148145013,0.694307962
0.684988274,-0.113378176,0.694307962
0.689594247,-0.080767076,0.694307962
0.692448531,-0.050779702,0.694307962
0.693900645,-0.023779015,0.694307962
0.694307962,2.42E-16,0.694307962
0.693900645,0.023779015,0.694307962
0.692448531,0.050779702,0.694307962
0.689594247,0.080767076,0.694307962
0.684988274,0.113378176,0.694307962
0.678318953,0.148145013,0.694307962
0.669338497,0.184525129,0.694307962
0.657881846,0.221934728,0.694307962
0.643877468,0.259779432,0.694307962
0.627351358,0.297479109,0.694307962
0.608426705,0.334485412,0.694307962
0.587321586,0.370292993,0.694307962
0.564345829,0.404446946,0.694307962
0.539896409,0.43654944,0.694307962
0.514449221,0.466267676,0.694307962
0.488544442,0.493343567,0.694307962
0.462763432,0.517603664,0.694307962
0.437696974,0.538966517,0.694307962
0.413907197,0.557444507,0.694307962
0.391887845,0.573138259,0.694307962
0.37202881,0.586223602,0.694307962
0.391887845,0.573138259,0.694307962
0.413907197,0.557444507,0.694307962
0.437696974,0.538966517,0.694307962
0.462763432,0.517603664,0.694307962
0.488544442,0.493343567,0.694307962
0.514449221,0.466267676,0.694307962
0.539896409,0.43654944,0.694307962
0.564345829,0.404446946,0.694307962
0.587321586,0.370292993,0.694307962
0.608426705,0.334485412,0.694307962
0.627351358,0.297479109,0.694307962
0.643877468,0.259779432,0.694307962
0.657881846,0.221934728,0.694307962
0.669338497,0.184525129,0.694307962
0.678318953,0.148145013,0.694307962
0.684988274,0.113378176,0.694307962
0.689594247,0.080767076,0.694307962
0.692448531,0.050779702,0.694307962
0.693900645,0.023779015,0.694307962
0.694307962,2.42E-16,0.694307962
0.693900645,-0.023779015,0.694307962
0.692448531,-0.050779702,0.694307962
0.689594247,-0.080767076,0.694307962
0.684988274,-0.113378176,0.694307962
0.678318953,-0.148145013,0.694307962
0.669338497,-0.184525129,0.694307962
0.657881846,-0.221934728,0.694307962
0.643877468,-0.259779432,0.694307962
0.627351358,-0.297479109,0.694307962
0.608426705,-0.334485412,0.694307962
0.587321586,-0.370292993,0.694307962
0.564345829,-0.404446946,0.694307962
0.539896409,-0.43654944,0.694307962
0.514449221,-0.466267676,0.694307962
0.488544442,-0.493343567,0.694307962
0.462763432,-0.517603664,0.694307962
0.437696974,-0.538966517,0.694307962
0.413907197,-0.557444507,0.694307962
0.391887845,-0.573138259,0.694307962
0.37202881,-0.586223602,0.694307962
0.351733272,-0.598621125,0.694307962
0.328157757,-0.611862757,0.694307962
0.301309177,-0.625520844,0.694307962
0.271306711,-0.639105793,0.694307962
0.238378499,-0.652103702,0.694307962
0.202849782,-0.664014693,0.694307962
0.165125033,-0.674386588,0.694307962
0.125667771,-0.682840507,0.694307962
0.084981749,-0.689087548,0.694307962
0.043595958,-0.692937904,0.694307962
0.002053928,-0.694304924,0.694307962
-0.039094234,-0.693206454,0.694307962
-0.079299921,-0.689764503,0.694307962
-0.118027142,-0.684202558,0.694307962
-0.154768548,-0.676838417,0.694307962
-0.189066181,-0.668070001,0.694307962
-0.220534714,-0.658352479,0.694307962
-0.248883397,-0.648167109,0.694307962
-0.273932629,-0.637984687,0.694307962
-0.295621952,-0.628228627,0.694307962
-0.273932629,-0.637984687,0.694307962
-0.248883397,-0.648167109,0.694307962
-0.220534714,-0.658352479,0.694307962
-0.189066181,-0.668070001,0.694307962
-0.154768548,-0.676838417,0.694307962
-0.118027142,-0.684202558,0.694307962
-0.079299921,-0.689764503,0.694307962
-0.039094234,-0.693206454,0.694307962
0.002053928,-0.694304924,0.694307962
0.043595958,-0.692937904,0.694307962
0.084981749,-0.689087548,0.694307962
0.125667771,-0.682840507,0.694307962
0.165125033,-0.674386588,0.694307962
0.202849782,-0.664014693,0.694307962
0.238378499,-0.652103702,0.694307962
0.271306711,-0.639105793,0.694307962
0.301309177,-0.625520844,0.694307962
0.328157757,-0.611862757,0.694307962
0.351733272,-0.598621125,0.694307962
0.37202881,-0.586223602,0.694307962
0.391887845,-0.573138259,0.694307962
0.413907197,-0.557444507,0.694307962
0.437696974,-0.538966517,0.694307962
0.462763432,-0.517603664,0.694307962
0.488544442,-0.493343567,0.694307962
0.514449221,-0.466267676,0.694307962
0.539896409,-0.43654944,0.694307962
0.564345829,-0.404446946,0.694307962
0.587321586,-0.370292993,0.694307962
0.608426705,-0.334485412,0.694307962
0.627351358,-0.297479109,0.694307962
0.643877468,-0.259779432,0.694307962
0.657881846,-0.221934728,0.694307962
0.669338497,-0.184525129,0.694307962
0.678318953,-0.148145013,0.694307962
0.684988274,-0.113378176,0.694307962
0.689594247,-0.080767076,0.694307962
0.692448531,-0.050779702,0.694307962
0.693900645,-0.023779015,0.694307962
0.694307962,2.42E-16,0.694307962
0.693900645,-0.023779015,0.694307962
0.692448531,-0.050779702,0.694307962
0.689594247,-0.080767076,0.694307962
0.684988274,-0.113378176,0.694307962
0.678318953,-0.148145013,0.694307962
0.669338497,-0.184525129,0.694307962
0.657881846,-0.221934728,0.694307962
0.643877468,-0.259779432,0.694307962
0.627351358,-0.297479109,0.694307962
0.608426705,-0.334485412,0.694307962
0.587321586,-0.370292993,0.694307962
0.564345829,-0.404446946,0.694307962
0.539896409,-0.43654944,0.694307962
0.514449221,-0.466267676,0.694307962
0.488544442,-0.493343567,0.694307962
0.462763432,-0.517603664,0.694307962
0.437696974,-0.538966517,0.694307962
0.413907197,-0.557444507,0.694307962
0.391887845,-0.573138259,0.694307962
0.37202881,-0.586223602,0.694307962
0.391887845,-0.573138259,0.694307962
0.413907197,-0.557444507,0.694307962
0.437696974,-0.538966517,0.694307962
0.462763432,-0.517603664,0.694307962
0.488544442,-0.493343567,0.694307962
0.514449221,-0.466267676,0.694307962
0.539896409,-0.43654944,0.694307962
0.564345829,-0.404446946,0.694307962
0.587321586,-0.370292993,0.694307962
0.608426705,-0.334485412,0.694307962
0.627351358,-0.297479109,0.694307962
0.643877468,-0.259779432,0.694307962
0.657881846,-0.221934728,0.694307962
0.669338497,-0.184525129,0.694307962
0.678318953,-0.148145013,0.694307962
0.684988274,-0.113378176,0.694307962
0.689594247,-0.080767076,0.694307962
0.692448531,-0.050779702,0.694307962
0.693900645,-0.023779015,0.694307962
0.694307962,2.42E-16,0.694307962
0.693900645,-0.023779015,0.694307962
0.692448531,-0.050779702,0.694307962
0.689594247,-0.080767076,0.694307962
0.684988274,-0.113378176,0.694307962
0.678318953,-0.148145013,0.694307962
0.669338497,-0.184525129,0.694307962
0.657881846,-0.221934728,0.694307962
0.643877468,-0.259779432,0.694307962
0.627351358,-0.297479109,0.694307962
0.608426705,-0.334485412,0.694307962
0.587321586,-0.370292993,0.694307962
0.564345829,-0.404446946,0.694307962
0.539896409,-0.43654944,0.694307962
0.514449221,-0.466267676,0.694307962
0.488544442,-0.493343567,0.694307962
0.462763432,-0.517603664,0.694307962
0.437696974,-0.538966517,0.694307962
0.413907197,-0.557444507,0.694307962
0.391887845,-0.573138259,0.694307962
0.37202881,-0.586223602,0.694307962
0.391887845,-0.573138259,0.694307962
0.413907197,-0.557444507,0.694307962
0.437696974,-0.538966517,0.694307962
0.462763432,-0.517603664,0.694307962
0.488544442,-0.493343567,0.694307962
0.514449221,-0.466267676,0.694307962
0.539896409,-0.43654944,0.694307962
0.564345829,-0.404446946,0.694307962
0.587321586,-0.370292993,0.694307962
0.608426705,-0.334485412,0.694307962
0.627351358,-0.297479109,0.694307962
0.643877468,-0.259779432,0.694307962
0.657881846,-0.221934728,0.694307962
0.669338497,-0.184525129,0.694307962
0.678318953,-0.148145013,0.694307962
0.684988274,-0.113378176,0.694307962
0.689594247,-0.080767076,0.694307962
0.692448531,-0.050779702,0.694307962
0.693900645,-0.023779015,0.694307962
0.694307962,2.42E-16,0.694307962
0.693900645,-0.023779015,0.694307962
0.692448531,-0.050779702,0.694307962
0.689594247,-0.080767076,0.694307962
0.684988274,-0.113378176,0.694307962
0.678318953,-0.148145013,0.694307962
0.669338497,-0.184525129,0.694307962
0.657881846,-0.221934728,0.694307962
0.643877468,-0.259779432,0.694307962
0.627351358,-0.297479109,0.694307962
0.608426705,-0.334485412,0.694307962
0.587321586,-0.370292993,0.694307962
0.564345829,-0.404446946,0.694307962
0.539896409,-0.43654944,0.694307962
0.514449221,-0.466267676,0.694307962
0.488544442,-0.493343567,0.694307962
0.462763432,-0.517603664,0.694307962
0.437696974,-0.538966517,0.694307962
0.413907197,-0.557444507,0.694307962
0.391887845,-0.573138259,0.694307962
0.37202881,-0.586223602,0.694307962
0.391887845,-0.573138259,0.694307962
0.413907197,-0.557444507,0.694307962
0.437696974,-0.538966517,0.694307962
0.462763432,-0.517603664,0.694307962
0.488544442,-0.493343567,0.694307962
0.514449221,-0.466267676,0.694307962
0.539896409,-0.43654944,0.694307962
0.564345829,-0.404446946,0.694307962
0.587321586,-0.370292993,0.694307962
0.608426705,-0.334485412,0.694307962
0.627351358,-0.297479109,0.694307962
0.643877468,-0.259779432,0.694307962
0.657881846,-0.221934728,0.694307962
0.669338497,-0.184525129,0.694307962
0.678318953,-0.148145013,0.694307962
0.684988274,-0.113378176,0.694307962
0.689594247,-0.080767076,0.694307962
0.692448531,-0.050779702,0.694307962
0.693900645,-0.023779015,0.694307962
0.694307962,2.42E-16,0.694307962
0.693900645,-0.023779015,0.694307962
0.692448531,-0.050779702,0.694307962
0.689594247,-0.080767076,0.694307962
0.684988274,-0.113378176,0.694307962
0.678318953,-0.148145013,0.694307962
0.669338497,-0.184525129,0.694307962
0.657881846,-0.221934728,0.694307962
0.643877468,-0.259779432,0.694307962
0.627351358,-0.297479109,0.694307962
0.608426705,-0.334485412,0.694307962
0.587321586,-0.370292993,0.694307962
0.564345829,-0.404446946,0.694307962
0.539896409,-0.43654944,0.694307962
0.514449221,-0.466267676,0.694307962
0.488544442,-0.493343567,0.694307962
0.462763432,-0.517603664,0.694307962
0.437696974,-0.538966517,0.694307962
0.413907197,-0.557444507,0.694307962
0.391887845,-0.573138259,0.694307962
0.37202881,-0.586223602,0.694307962
0.351733272,-0.598621125,0.694307962
0.328157757,-0.611862757,0.694307962
0.301309177,-0.625520844,0.694307962
0.271306711,-0.639105793,0.694307962
0.238378499,-0.652103702,0.694307962
0.202849782,-0.664014693,0.694307962
0.165125033,-0.674386588,0.694307962
0.125667771,-0.682840507,0.694307962
0.084981749,-0.689087548,0.694307962
0.043595958,-0.692937904,0.694307962
0.002053928,-0.694304924,0.694307962
-0.039094234,-0.693206454,0.694307962
-0.079299921,-0.689764503,0.694307962
-0.118027142,-0.684202558,0.694307962
-0.154768548,-0.676838417,0.694307962
-0.189066181,-0.668070001,0.694307962
-0.220534714,-0.658352479,0.694307962
-0.248883397,-0.648167109,0.694307962
-0.273932629,-0.637984687,0.694307962
-0.295621952,-0.628228627,0.694307962
-0.316964421,-0.617735463,0.694307962
-0.340777093,-0.604925218,0.694307962
-0.366695186,-0.589574582,0.694307962
-0.394241463,-0.571521842,0.694307962
-0.422859779,-0.55068426,0.694307962
-0.4519538,-0.5270686,0.694307962
-0.480925012,-0.50077408,0.694307962
-0.50920515,-0.471989049,0.694307962
-0.536280362,-0.440984036,0.694307962
-0.561706941,-0.408103981,0.694307962
-0.585120487,-0.373761371,0.694307962
-0.606241305,-0.338430238,0.694307962
-0.624878454,-0.302639165,0.694307962
-0.640933432,-0.266960452,0.694307962
-0.654402712,-0.231992753,0.694307962
-0.665376884,-0.198335951,0.694307962
-0.674033792,-0.166559281,0.694307962
-0.680623984,-0.137166102,0.694307962
-0.68544873,-0.110560322,0.694307962
-0.688833137,-0.087019862,0.694307962
-0.68544873,-0.110560322,0.694307962
-0.680623984,-0.137166102,0.694307962
-0.674033792,-0.166559281,0.694307962
-0.665376884,-0.198335951,0.694307962
-0.654402712,-0.231992753,0.694307962
-0.640933432,-0.266960452,0.694307962
-0.624878454,-0.302639165,0.694307962
-0.606241305,-0.338430238,0.694307962
-0.585120487,-0.373761371,0.694307962
-0.561706941,-0.408103981,0.694307962
-0.536280362,-0.440984036,0.694307962
-0.50920515,-0.471989049,0.694307962
-0.480925012,-0.50077408,0.694307962
-0.4519538,-0.5270686,0.694307962
-0.422859779,-0.55068426,0.694307962
-0.394241463,-0.571521842,0.694307962
-0.366695186,-0.589574582,0.694307962
-0.340777093,-0.604925218,0.694307962
-0.316964421,-0.617735463,0.694307962
-0.295621952,-0.628228627,0.694307962
-0.273932629,-0.637984687,0.694307962
-0.248883397,-0.648167109,0.694307962
-0.220534714,-0.658352479,0.694307962
-0.189066181,-0.668070001,0.694307962
-0.154768548,-0.676838417,0.694307962
-0.118027142,-0.684202558,0.694307962
-0.079299921,-0.689764503,0.694307962
-0.039094234,-0.693206454,0.694307962
0.002053928,-0.694304924,0.694307962
0.043595958,-0.692937904,0.694307962
0.084981749,-0.689087548,0.694307962
0.125667771,-0.682840507,0.694307962
0.165125033,-0.674386588,0.694307962
0.202849782,-0.664014693,0.694307962
0.238378499,-0.652103702,0.694307962
0.271306711,-0.639105793,0.694307962
0.301309177,-0.625520844,0.694307962
0.328157757,-0.611862757,0.694307962
0.351733272,-0.598621125,0.694307962
0.37202881,-0.586223602,0.694307962
0.391887845,-0.573138259,0.694307962
0.413907197,-0.557444507,0.694307962
0.437696974,-0.538966517,0.694307962
0.462763432,-0.517603664,0.694307962
0.488544442,-0.493343567,0.694307962
0.514449221,-0.466267676,0.694307962
0.539896409,-0.43654944,0.694307962
0.564345829,-0.404446946,0.694307962
0.587321586,-0.370292993,0.694307962
0.608426705,-0.334485412,0.694307962
0.627351358,-0.297479109,0.694307962
0.643877468,-0.259779432,0.694307962
0.657881846,-0.221934728,0.694307962
0.669338497,-0.184525129,0.694307962
0.678318953,-0.148145013,0.694307962
0.684988274,-0.113378176,0.694307962
0.689594247,-0.080767076,0.694307962
0.692448531,-0.050779702,0.694307962
0.693900645,-0.023779015,0.694307962
0.694307962,2.42E-16,0.694307962
0.693900645,0.023779015,0.694307962
0.692448531,0.050779702,0.694307962
0.689594247,0.080767076,0.694307962
0.684988274,0.113378176,0.694307962
0.678318953,0.148145013,0.694307962
0.669338497,0.184525129,0.694307962
0.657881846,0.221934728,0.694307962
0.643877468,0.259779432,0.694307962
0.627351358,0.297479109,0.694307962
0.608426705,0.334485412,0.694307962
0.587321586,0.370292993,0.694307962
0.564345829,0.404446946,0.694307962
0.539896409,0.43654944,0.694307962
0.514449221,0.466267676,0.694307962
0.488544442,0.493343567,0.694307962
0.462763432,0.517603664,0.694307962
0.437696974,0.538966517,0.694307962
0.413907197,0.557444507,0.694307962
0.391887845,0.573138259,0.694307962
0.37202881,0.586223602,0.694307962
0.351733272,0.598621125,0.694307962
0.328157757,0.611862757,0.694307962
0.301309177,0.625520844,0.694307962
0.271306711,0.639105793,0.694307962
0.238378499,0.652103702,0.694307962
0.202849782,0.664014693,0.694307962
0.165125033,0.674386588,0.694307962
0.125667771,0.682840507,0.694307962
0.084981749,0.689087548,0.694307962
0.043595958,0.692937904,0.694307962
0.002053928,0.694304924,0.694307962
-0.039094234,0.693206454,0.694307962
-0.079299921,0.689764503,0.694307962
-0.118027142,0.684202558,0.694307962
-0.154768548,0.676838417,0.694307962
-0.189066181,0.668070001,0.694307962
-0.220534714,0.658352479,0.694307962
-0.248883397,0.648167109,0.694307962
-0.273932629,0.637984687,0.694307962
-0.295621952,0.628228627,0.694307962
-0.316964421,0.617735463,0.694307962
-0.340777093,0.604925218,0.694307962
-0.366695186,0.589574582,0.694307962
-0.394241463,0.571521842,0.694307962
-0.422859779,0.55068426,0.694307962
-0.4519538,0.5270686,0.694307962
-0.480925012,0.50077408,0.694307962
-0.50920515,0.471989049,0.694307962
-0.536280362,0.440984036,0.694307962
-0.561706941,0.408103981,0.694307962
-0.585120487,0.373761371,0.694307962
-0.606241305,0.338430238,0.694307962
-0.624878454,0.302639165,0.694307962
-0.640933432,0.266960452,0.694307962
-0.654402712,0.231992753,0.694307962
-0.665376884,0.198335951,0.694307962
-0.674033792,0.166559281,0.694307962
-0.680623984,0.137166102,0.694307962
-0.68544873,0.110560322,0.694307962
-0.688833137,0.087019862,0.694307962
-0.68544873,0.110560322,0.694307962
-0.680623984,0.137166102,0.694307962
-0.674033792,0.166559281,0.694307962
-0.665376884,0.198335951,0.694307962
-0.654402712,0.231992753,0.694307962
-0.640933432,0.266960452,0.694307962
-0.624878454,0.302639165,0.694307962
-0.606241305,0.338430238,0.694307962
-0.585120487,0.373761371,0.694307962
-0.561706941,0.408103981,0.694307962
-0.536280362,0.440984036,0.694307962
-0.50920515,0.471989049,0.694307962
-0.480925012,0.50077408,0.694307962
-0.4519538,0.5270686,0.694307962
-0.422859779,0.55068426,0.694307962
-0.394241463,0.571521842,0.694307962
-0.366695186,0.589574582,0.694307962
-0.340777093,0.604925218,0.694307962
-0.316964421,0.617735463,0.694307962
-0.295621952,0.628228627,0.694307962
-0.273932629,0.637984687,0.694307962
-0.248883397,0.648167109,0.694307962
-0.220534714,0.658352479,0.694307962
-0.189066181,0.668070001,0.694307962
-0.154768548,0.676838417,0.694307962
-0.118027142,0.684202558,0.694307962
-0.079299921,0.689764503,0.694307962
-0.039094234,0.693206454,0.694307962
0.002053928,0.694304924,0.694307962
0.043595958,0.692937904,0.694307962
0.084981749,0.689087548,0.694307962
0.125667771,0.682840507,0.694307962
0.165125033,0.674386588,0.694307962
0.202849782,0.664014693,0.694307962
0.238378499,0.652103702,0.694307962
0.271306711,0.639105793,0.694307962
0.301309177,0.625520844,0.694307962
0.328157757,0.611862757,0.694307962
0.351733272,0.598621125,0.694307962
0.37202881,0.586223602,0.694307962
0.391887845,0.573138259,0.694307962
0.413907197,0.557444507,0.694307962
0.437696974,0.538966517,0.694307962
0.462763432,0.517603664,0.694307962
0.488544442,0.493343567,0.694307962
0.514449221,0.466267676,0.694307962
0.539896409,0.43654944,0.694307962
0.564345829,0.404446946,0.694307962
0.587321586,0.370292993,0.694307962
0.608426705,0.334485412,0.694307962
0.627351358,0.297479109,0.694307962
0.643877468,0.259779432,0.694307962
0.657881846,0.221934728,0.694307962
0.669338497,0.184525129,0.694307962
0.678318953,0.148145013,0.694307962
0.684988274,0.113378176,0.694307962
0.689594247,0.080767076,0.694307962
0.692448531,0.050779702,0.694307962
0.693900645,0.023779015,0.694307962
0.694307962,2.42E-16,0.694307962
0.693900645,-0.023779015,0.694307962
0.692448531,-0.050779702,0.694307962
0.689594247,-0.080767076,0.694307962
0.684988274,-0.113378176,0.694307962
0.678318953,-0.148145013,0.694307962
0.669338497,-0.184525129,0.694307962
0.657881846,-0.221934728,0.694307962
0.643877468,-0.259779432,0.694307962
0.627351358,-0.297479109,0.694307962
0.608426705,-0.334485412,0.694307962
0.587321586,-0.370292993,0.694307962
0.564345829,-0.404446946,0.694307962
0.539896409,-0.43654944,0.694307962
0.514449221,-0.466267676,0.694307962
0.488544442,-0.493343567,0.694307962
0.462763432,-0.517603664,0.694307962
0.437696974,-0.538966517,0.694307962
0.413907197,-0.557444507,0.694307962
0.391887845,-0.573138259,0.694307962
0.37202881,-0.586223602,0.694307962
0.351733272,-0.598621125,0.694307962
0.328157757,-0.611862757,0.694307962
0.301309177,-0.625520844,0.694307962
0.271306711,-0.639105793,0.694307962
0.238378499,-0.652103702,0.694307962
0.202849782,-0.664014693,0.694307962
0.165125033,-0.674386588,0.694307962
0.125667771,-0.682840507,0.694307962
0.084981749,-0.689087548,0.694307962
0.043595958,-0.692937904,0.694307962
0.002053928,-0.694304924,0.694307962
-0.039094234,-0.693206454,0.694307962
-0.079299921,-0.689764503,0.694307962
-0.118027142,-0.684202558,0.694307962
-0.154768548,-0.676838417,0.694307962
-0.189066181,-0.668070001,0.694307962
-0.220534714,-0.658352479,0.694307962
-0.248883397,-0.648167109,0.694307962
-0.273932629,-0.637984687,0.694307962
-0.295621952,-0.628228627,0.694307962
-0.316964421,-0.617735463,0.694307962
-0.340777093,-0.604925218,0.694307962
-0.366695186,-0.589574582,0.694307962
-0.394241463,-0.571521842,0.694307962
-0.422859779,-0.55068426,0.694307962
-0.4519538,-0.5270686,0.694307962
-0.480925012,-0.50077408,0.694307962
-0.50920515,-0.471989049,0.694307962
-0.536280362,-0.440984036,0.694307962
-0.561706941,-0.408103981,0.694307962
-0.585120487,-0.373761371,0.694307962
-0.606241305,-0.338430238,0.694307962
-0.624878454,-0.302639165,0.694307962
-0.640933432,-0.266960452,0.694307962
-0.654402712,-0.231992753,0.694307962
-0.665376884,-0.198335951,0.694307962
-0.674033792,-0.166559281,0.694307962
-0.680623984,-0.137166102,0.694307962
-0.68544873,-0.110560322,0.694307962
-0.688833137,-0.087019862,0.694307962
-0.68544873,-0.110560322,0.694307962
-0.680623984,-0.137166102,0.694307962
-0.674033792,-0.166559281,0.694307962
-0.665376884,-0.198335951,0.694307962
-0.654402712,-0.231992753,0.694307962
-0.640933432,-0.266960452,0.694307962
-0.624878454,-0.302639165,0.694307962
-0.606241305,-0.338430238,0.694307962
-0.585120487,-0.373761371,0.694307962
-0.561706941,-0.408103981,0.694307962
-0.536280362,-0.440984036,0.694307962
-0.50920515,-0.471989049,0.694307962
-0.480925012,-0.50077408,0.694307962
-0.4519538,-0.5270686,0.694307962
-0.422859779,-0.55068426,0.694307962
-0.394241463,-0.571521842,0.694307962
-0.366695186,-0.589574582,0.694307962
-0.340777093,-0.604925218,0.694307962
-0.316964421,-0.617735463,0.694307962
-0.295621952,-0.628228627,0.694307962
-0.273932629,-0.637984687,0.694307962
-0.248883397,-0.648167109,0.694307962
-0.220534714,-0.658352479,0.694307962
-0.189066181,-0.668070001,0.694307962
-0.154768548,-0.676838417,0.694307962
-0.118027142,-0.684202558,0.694307962
-0.079299921,-0.689764503,0.694307962
-0.039094234,-0.693206454,0.694307962
0.002053928,-0.694304924,0.694307962
0.043595958,-0.692937904,0.694307962
0.084981749,-0.689087548,0.694307962
0.125667771,-0.682840507,0.694307962
0.165125033,-0.674386588,0.694307962
0.202849782,-0.664014693,0.694307962
0.238378499,-0.652103702,0.694307962
0.271306711,-0.639105793,0.694307962
0.301309177,-0.625520844,0.694307962
0.328157757,-0.611862757,0.694307962
0.351733272,-0.598621125,0.694307962
0.37202881,-0.586223602,0.694307962
0.391887845,-0.573138259,0.694307962
0.413907197,-0.557444507,0.694307962
0.437696974,-0.538966517,0.694307962
0.462763432,-0.517603664,0.694307962
0.488544442,-0.493343567,0.694307962
0.514449221,-0.466267676,0.694307962
0.539896409,-0.43654944,0.694307962
0.564345829,-0.404446946,0.694307962
0.587321586,-0.370292993,0.694307962
0.608426705,-0.334485412,0.694307962
0.627351358,-0.297479109,0.694307962
0.643877468,-0.259779432,0.694307962
0.657881846,-0.221934728,0.694307962
0.669338497,-0.184525129,0.694307962
0.678318953,-0.148145013,0.694307962
0.684988274,-0.113378176,0.694307962
0.689594247,-0.080767076,0.694307962
0.692448531,-0.050779702,0.694307962
0.693900645,-0.023779015,0.694307962
0.694307962,2.42E-16,0.694307962
0.693900645,0.023779015,0.694307962
0.692448531,0.050779702,0.694307962
0.689594247,0.080767076,0.694307962
0.684988274,0.113378176,0.694307962
0.678318953,0.148145013,0.694307962
0.669338497,0.184525129,0.694307962
0.657881846,0.221934728,0.694307962
0.643877468,0.259779432,0.694307962
0.627351358,0.297479109,0.694307962
0.608426705,0.334485412,0.694307962
0.587321586,0.370292993,0.694307962
0.564345829,0.404446946,0.694307962
0.539896409,0.43654944,0.694307962
0.514449221,0.466267676,0.694307962
0.488544442,0.493343567,0.694307962
0.462763432,0.517603664,0.694307962
0.437696974,0.538966517,0.694307962
0.413907197,0.557444507,0.694307962
0.391887845,0.573138259,0.694307962
0.37202881,0.586223602,0.694307962
0.351733272,0.598621125,0.694307962
0.328157757,0.611862757,0.694307962
0.301309177,0.625520844,0.694307962
0.271306711,0.639105793,0.694307962
0.238378499,0.652103702,0.694307962
0.202849782,0.664014693,0.694307962
0.165125033,0.674386588,0.694307962
0.125667771,0.682840507,0.694307962
0.084981749,0.689087548,0.694307962
0.043595958,0.692937904,0.694307962
0.002053928,0.694304924,0.694307962
-0.039094234,0.693206454,0.694307962
-0.079299921,0.689764503,0.694307962
-0.118027142,0.684202558,0.694307962
-0.154768548,0.676838417,0.694307962
-0.189066181,0.668070001,0.694307962
-0.220534714,0.658352479,0.694307962
-0.248883397,0.648167109,0.694307962
-0.273932629,0.637984687,0.694307962
-0.295621952,0.628228627,0.694307962
-0.316964421,0.617735463,0.694307962
-0.340777093,0.604925218,0.694307962
-0.366695186,0.589574582,0.694307962
-0.394241463,0.571521842,0.694307962
-0.422859779,0.55068426,0.694307962
-0.4519538,0.5270686,0.694307962
-0.480925012,0.50077408,0.694307962
-0.50920515,0.471989049,0.694307962
-0.536280362,0.440984036,0.694307962
-0.561706941,0.408103981,0.694307962
-0.585120487,0.373761371,0.694307962
-0.606241305,0.338430238,0.694307962
-0.624878454,0.302639165,0.694307962
-0.640933432,0.266960452,0.694307962
-0.654402712,0.231992753,0.694307962
-0.665376884,0.198335951,0.694307962
-0.674033792,0.166559281,0.694307962
-0.680623984,0.137166102,0.694307962
-0.68544873,0.110560322,0.694307962
-0.688833137,0.087019862,0.694307962
-0.68544873,0.110560322,0.694307962
-0.680623984,0.137166102,0.694307962
-0.674033792,0.166559281,0.694307962
-0.665376884,0.198335951,0.694307962
-0.654402712,0.231992753,0.694307962
-0.640933432,0.266960452,0.694307962
-0.624878454,0.302639165,0.694307962
-0.606241305,0.338430238,0.694307962
-0.585120487,0.373761371,0.694307962
-0.561706941,0.408103981,0.694307962
-0.536280362,0.440984036,0.694307962
-0.50920515,0.471989049,0.694307962
-0.480925012,0.50077408,0.694307962
-0.4519538,0.5270686,0.694307962
-0.422859779,0.55068426,0.694307962
-0.394241463,0.571521842,0.694307962
-0.366695186,0.589574582,0.694307962
-0.340777093,0.604925218,0.694307962
-0.316964421,0.617735463,0.694307962
-0.295621952,0.628228627,0.694307962
-0.273932629,0.637984687,0.694307962
-0.248883397,0.648167109,0.694307962
-0.220534714,0.658352479,0.694307962
-0.189066181,0.668070001,0.694307962
-0.154768548,0.676838417,0.694307962
-0.118027142,0.684202558,0.694307962
-0.079299921,0.689764503,0.694307962
-0.039094234,0.693206454,0.694307962
0.002053928,0.694304924,0.694307962
0.043595958,0.692937904,0.694307962
0.084981749,0.689087548,0.694307962
0.125667771,0.682840507,0.694307962
0.165125033,0.674386588,0.694307962
0.202849782,0.664014693,0.694307962
0.238378499,0.652103702,0.694307962
0.271306711,0.639105793,0.694307962
0.301309177,0.625520844,0.694307962
0.328157757,0.611862757,0.694307962
0.351733272,0.598621125,0.694307962
0.37202881,0.586223602,0.694307962
0.391887845,0.573138259,0.694307962
0.413907197,0.557444507,0.694307962
0.437696974,0.538966517,0.694307962
0.462763432,0.517603664,0.694307962
0.488544442,0.493343567,0.694307962
0.514449221,0.466267676,0.694307962
0.539896409,0.43654944,0.694307962
0.564345829,0.404446946,0.694307962
0.587321586,0.370292993,0.694307962
0.608426705,0.334485412,0.694307962
0.627351358,0.297479109,0.694307962
0.643877468,0.259779432,0.694307962
0.657881846,0.221934728,0.694307962
0.669338497,0.184525129,0.694307962
0.678318953,0.148145013,0.694307962
0.684988274,0.113378176,0.694307962
0.689594247,0.080767076,0.694307962
0.692448531,0.050779702,0.694307962
0.693900645,0.023779015,0.694307962
0.694307962,2.42E-16,0.694307962
0.693900645,-0.023779015,0.694307962
0.692448531,-0.050779702,0.694307962
0.689594247,-0.080767076,0.694307962
0.684988274,-0.113378176,0.694307962
0.678318953,-0.148145013,0.694307962
0.669338497,-0.184525129,0.694307962
0.657881846,-0.221934728,0.694307962
0.643877468,-0.259779432,0.694307962
0.627351358,-0.297479109,0.694307962
0.608426705,-0.334485412,0.694307962
0.587321586,-0.370292993,0.694307962
0.564345829,-0.404446946,0.694307962
0.539896409,-0.43654944,0.694307962
0.514449221,-0.466267676,0.694307962
0.488544442,-0.493343567,0.694307962
0.462763432,-0.517603664,0.694307962
0.437696974,-0.538966517,0.694307962
0.413907197,-0.557444507,0.694307962
0.391887845,-0.573138259,0.694307962
0.37202881,-0.586223602,0.694307962
0.351733272,-0.598621125,0.694307962
0.328157757,-0.611862757,0.694307962
0.301309177,-0.625520844,0.694307962
0.271306711,-0.639105793,0.694307962
0.238378499,-0.652103702,0.694307962
0.202849782,-0.664014693,0.694307962
0.165125033,-0.674386588,0.694307962
0.125667771,-0.682840507,0.694307962
0.084981749,-0.689087548,0.694307962
0.043595958,-0.692937904,0.694307962
0.002053928,-0.694304924,0.694307962
-0.039094234,-0.693206454,0.694307962
-0.079299921,-0.689764503,0.694307962
-0.118027142,-0.684202558,0.694307962
-0.154768548,-0.676838417,0.694307962
-0.189066181,-0.668070001,0.694307962
-0.220534714,-0.658352479,0.694307962
-0.248883397,-0.648167109,0.694307962
-0.273932629,-0.637984687,0.694307962
-0.295621952,-0.628228627,0.694307962
-0.316964421,-0.617735463,0.694307962
-0.340777093,-0.604925218,0.694307962
-0.366695186,-0.589574582,0.694307962
-0.394241463,-0.571521842,0.694307962
-0.422859779,-0.55068426,0.694307962
-0.4519538,-0.5270686,0.694307962
-0.480925012,-0.50077408,0.694307962
-0.50920515,-0.471989049,0.694307962
-0.536280362,-0.440984036,0.694307962
-0.561706941,-0.408103981,0.694307962
-0.585120487,-0.373761371,0.694307962
-0.606241305,-0.338430238,0.694307962
-0.624878454,-0.302639165,0.694307962
-0.640933432,-0.266960452,0.694307962
-0.654402712,-0.231992753,0.694307962
-0.665376884,-0.198335951,0.694307962
-0.674033792,-0.166559281,0.694307962
-0.680623984,-0.137166102,0.694307962
-0.68544873,-0.110560322,0.694307962
-0.688833137,-0.087019862,0.694307962
-0.68544873,-0.110560322,0.694307962
-0.680623984,-0.137166102,0.694307962
-0.674033792,-0.166559281,0.694307962
-0.665376884,-0.198335951,0.694307962
-0.654402712,-0.231992753,0.694307962
-0.640933432,-0.266960452,0.694307962
-0.624878454,-0.302639165,0.694307962
-0.606241305,-0.338430238,0.694307962
-0.585120487,-0.373761371,0.694307962
-0.561706941,-0.408103981,0.694307962
-0.536280362,-0.440984036,0.694307962
-0.50920515,-0.471989049,0.694307962
-0.480925012,-0.50077408,0.694307962
-0.4519538,-0.5270686,0.694307962
-0.422859779,-0.55068426,0.694307962
-0.394241463,-0.571521842,0.694307962
-0.366695186,-0.589574582,0.694307962
-0.340777093,-0.604925218,0.694307962
-0.316964421,-0.617735463,0.694307962
-0.295621952,-0.628228627,0.694307962
-0.273932629,-0.637984687,0.694307962
-0.248883397,-0.648167109,0.694307962
-0.220534714,-0.658352479,0.694307962
-0.189066181,-0.668070001,0.694307962
-0.154768548,-0.676838417,0.694307962
-0.118027142,-0.684202558,0.694307962
-0.079299921,-0.689764503,0.694307962
-0.039094234,-0.693206454,0.694307962
0.002053928,-0.694304924,0.694307962
0.043595958,-0.692937904,0.694307962
0.084981749,-0.689087548,0.694307962
0.125667771,-0.682840507,0.694307962
0.165125033,-0.674386588,0.694307962
0.202849782,-0.664014693,0.694307962
0.238378499,-0.652103702,0.694307962
0.271306711,-0.639105793,0.694307962
0.301309177,-0.625520844,0.694307962
0.328157757,-0.611862757,0.694307962
0.351733272,-0.598621125,0.694307962
0.37202881,-0.586223602,0.694307962
0.391887845,-0.573138259,0.694307962
0.413907197,-0.557444507,0.694307962
0.437696974,-0.538966517,0.694307962
0.462763432,-0.517603664,0.694307962
0.488544442,-0.493343567,0.694307962
0.514449221,-0.466267676,0.694307962
0.539896409,-0.43654944,0.694307962
0.564345829,-0.404446946,0.694307962
0.587321586,-0.370292993,0.694307962
0.608426705,-0.334485412,0.694307962
0.627351358,-0.297479109,0.694307962
0.643877468,-0.259779432,0.694307962
0.657881846,-0.221934728,0.694307962
0.669338497,-0.184525129,0.694307962
0.678318953,-0.148145013,0.694307962
0.684988274,-0.113378176,0.694307962
0.689594247,-0.080767076,0.694307962
0.692448531,-0.050779702,0.694307962
0.693900645,-0.023779015,0.694307962
0.694307962,2.42E-16,0.694307962
0.693900645,0.023779015,0.694307962
0.692448531,0.050779702,0.694307962
0.689594247,0.080767076,0.694307962
0.684988274,0.113378176,0.694307962
0.678318953,0.148145013,0.694307962
0.669338497,0.184525129,0.694307962
0.657881846,0.221934728,0.694307962
0.643877468,0.259779432,0.694307962
0.627351358,0.297479109,0.694307962
0.608426705,0.334485412,0.694307962
0.587321586,0.370292993,0.694307962
0.564345829,0.404446946,0.694307962
0.539896409,0.43654944,0.694307962
0.514449221,0.466267676,0.694307962
0.488544442,0.493343567,0.694307962
0.462763432,0.517603664,0.694307962
0.437696974,0.538966517,0.694307962
0.413907197,0.557444507,0.694307962
0.391887845,0.573138259,0.694307962
0.37202881,0.586223602,0.694307962
0.351733272,0.598621125,0.694307962
0.328157757,0.611862757,0.694307962
0.301309177,0.625520844,0.694307962
0.271306711,0.639105793,0.694307962
0.238378499,0.652103702,0.694307962
0.202849782,0.664014693,0.694307962
0.165125033,0.674386588,0.694307962
0.125667771,0.682840507,0.694307962
0.084981749,0.689087548,0.694307962
0.043595958,0.692937904,0.694307962
0.002053928,0.694304924,0.694307962
-0.039094234,0.693206454,0.694307962
-0.079299921,0.689764503,0.694307962
-0.118027142,0.684202558,0.694307962
-0.154768548,0.676838417,0.694307962
-0.189066181,0.668070001,0.694307962
-0.220534714,0.658352479,0.694307962
-0.248883397,0.648167109,0.694307962
-0.273932629,0.637984687,0.694307962
-0.295621952,0.628228627,0.694307962
-0.316964421,0.617735463,0.694307962
-0.340777093,0.604925218,0.694307962
-0.366695186,0.589574582,0.694307962
-0.394241463,0.571521842,0.694307962
-0.422859779,0.55068426,0.694307962
-0.4519538,0.5270686,0.694307962
-0.480925012,0.50077408,0.694307962
-0.50920515,0.471989049,0.694307962
-0.536280362,0.440984036,0.694307962
-0.561706941,0.408103981,0.694307962
-0.585120487,0.373761371,0.694307962
-0.606241305,0.338430238,0.694307962
-0.624878454,0.302639165,0.694307962
-0.640933432,0.266960452,0.694307962
-0.654402712,0.231992753,0.694307962
-0.665376884,0.198335951,0.694307962
-0.674033792,0.166559281,0.694307962
-0.680623984,0.137166102,0.694307962
-0.68544873,0.110560322,0.694307962
-0.688833137,0.087019862,0.694307962
-0.68544873,0.110560322,0.694307962
-0.680623984,0.137166102,0.694307962
-0.674033792,0.166559281,0.694307962
-0.665376884,0.198335951,0.694307962
-0.654402712,0.231992753,0.694307962
-0.640933432,0.266960452,0.694307962
-0.624878454,0.302639165,0.694307962
-0.606241305,0.338430238,0.694307962
-0.585120487,0.373761371,0.694307962
-0.561706941,0.408103981,0.694307962
-0.536280362,0.440984036,0.694307962
-0.50920515,0.471989049,0.694307962
-0.480925012,0.50077408,0.694307962
-0.4519538,0.5270686,0.694307962
-0.422859779,0.55068426,0.694307962
-0.394241463,0.571521842,0.694307962
-0.366695186,0.589574582,0.694307962
-0.340777093,0.604925218,0.694307962
-0.316964421,0.617735463,0.694307962
-0.295621952,0.628228627,0.694307962
-0.273932629,0.637984687,0.694307962
-0.248883397,0.648167109,0.694307962
-0.220534714,0.658352479,0.694307962
-0.189066181,0.668070001,0.694307962
-0.154768548,0.676838417,0.694307962
-0.118027142,0.684202558,0.694307962
-0.079299921,0.689764503,0.694307962
-0.039094234,0.693206454,0.694307962
0.002053928,0.694304924,0.694307962
0.043595958,0.692937904,0.694307962
0.084981749,0.689087548,0.694307962
0.125667771,0.682840507,0.694307962
0.165125033,0.674386588,0.694307962
0.202849782,0.664014693,0.694307962
0.238378499,0.652103702,0.694307962
0.271306711,0.639105793,0.694307962
0.301309177,0.625520844,0.694307962
0.328157757,0.611862757,0.694307962
0.351733272,0.598621125,0.694307962
0.37202881,0.586223602,0.694307962
0.391887845,0.573138259,0.694307962
0.413907197,0.557444507,0.694307962
0.437696974,0.538966517,0.694307962
0.462763432,0.517603664,0.694307962
0.488544442,0.493343567,0.694307962
0.514449221,0.466267676,0.694307962
0.539896409,0.43654944,0.694307962
0.564345829,0.404446946,0.694307962
0.587321586,0.370292993,0.694307962
0.608426705,0.334485412,0.694307962
0.627351358,0.297479109,0.694307962
0.643877468,0.259779432,0.694307962
0.657881846,0.221934728,0.694307962
0.669338497,0.184525129,0.694307962
0.678318953,0.148145013,0.694307962
0.684988274,0.113378176,0.694307962
0.689594247,0.080767076,0.694307962
0.692448531,0.050779702,0.694307962
0.693900645,0.023779015,0.694307962
0.694307962,2.42E-16,0.694307962
0.693900645,-0.023779015,0.694307962
0.692448531,-0.050779702,0.694307962
0.689594247,-0.080767076,0.694307962
0.684988274,-0.113378176,0.694307962
0.678318953,-0.148145013,0.694307962
0.669338497,-0.184525129,0.694307962
0.657881846,-0.221934728,0.694307962
0.643877468,-0.259779432,0.694307962
0.627351358,-0.297479109,0.694307962
0.608426705,-0.334485412,0.694307962
0.587321586,-0.370292993,0.694307962
0.564345829,-0.404446946,0.694307962
0.539896409,-0.43654944,0.694307962
0.514449221,-0.466267676,0.694307962
0.488544442,-0.493343567,0.694307962
0.462763432,-0.517603664,0.694307962
0.437696974,-0.538966517,0.694307962
0.413907197,-0.557444507,0.694307962
0.391887845,-0.573138259,0.694307962
0.37202881,-0.586223602,0.694307962
0.351733272,-0.598621125,0.694307962
0.328157757,-0.611862757,0.694307962
0.301309177,-0.625520844,0.694307962
0.271306711,-0.639105793,0.694307962
0.238378499,-0.652103702,0.694307962
0.202849782,-0.664014693,0.694307962
0.165125033,-0.674386588,0.694307962
0.125667771,-0.682840507,0.694307962
0.084981749,-0.689087548,0.694307962
0.043595958,-0.692937904,0.694307962
0.002053928,-0.694304924,0.694307962
-0.039094234,-0.693206454,0.694307962
-0.079299921,-0.689764503,0.694307962
-0.118027142,-0.684202558,0.694307962
-0.154768548,-0.676838417,0.694307962
-0.189066181,-0.668070001,0.694307962
-0.220534714,-0.658352479,0.694307962
-0.248883397,-0.648167109,0.694307962
-0.273932629,-0.637984687,0.694307962
-0.295621952,-0.628228627,0.694307962
-0.316964421,-0.617735463,0.694307962
-0.340777093,-0.604925218,0.694307962
-0.366695186,-0.589574582,0.694307962
-0.394241463,-0.571521842,0.694307962
-0.422859779,-0.55068426,0.694307962
-0.4519538,-0.5270686,0.694307962
-0.480925012,-0.50077408,0.694307962
-0.50920515,-0.471989049,0.694307962
-0.536280362,-0.440984036,0.694307962
-0.561706941,-0.408103981,0.694307962
-0.585120487,-0.373761371,0.694307962
-0.606241305,-0.338430238,0.694307962
-0.624878454,-0.302639165,0.694307962
-0.640933432,-0.266960452,0.694307962
-0.654402712,-0.231992753,0.694307962
-0.665376884,-0.198335951,0.694307962
-0.674033792,-0.166559281,0.694307962
-0.680623984,-0.137166102,0.694307962
-0.68544873,-0.110560322,0.694307962
-0.688833137,-0.087019862,0.694307962
-0.68544873,-0.110560322,0.694307962
-0.680623984,-0.137166102,0.694307962
-0.674033792,-0.166559281,0.694307962
-0.665376884,-0.198335951,0.694307962
-0.654402712,-0.231992753,0.694307962
-0.640933432,-0.266960452,0.694307962
-0.624878454,-0.302639165,0.694307962
-0.606241305,-0.338430238,0.694307962
-0.585120487,-0.373761371,0.694307962
-0.561706941,-0.408103981,0.694307962
-0.536280362,-0.440984036,0.694307962
-0.50920515,-0.471989049,0.694307962
-0.480925012,-0.50077408,0.694307962
-0.4519538,-0.5270686,0.694307962
-0.422859779,-0.55068426,0.694307962
-0.394241463,-0.571521842,0.694307962
-0.366695186,-0.589574582,0.694307962
-0.340777093,-0.604925218,0.694307962
-0.316964421,-0.617735463,0.694307962
-0.295621952,-0.628228627,0.694307962
-0.273932629,-0.637984687,0.694307962
-0.248883397,-0.648167109,0.694307962
-0.220534714,-0.658352479,0.694307962
-0.189066181,-0.668070001,0.694307962
-0.154768548,-0.676838417,0.694307962
-0.118027142,-0.684202558,0.694307962
-0.079299921,-0.689764503,0.694307962
-0.039094234,-0.693206454,0.694307962
0.002053928,-0.694304924,0.694307962
0.043595958,-0.692937904,0.694307962
0.084981749,-0.689087548,0.694307962
0.125667771,-0.682840507,0.694307962
0.165125033,-0.674386588,0.694307962
0.202849782,-0.664014693,0.694307962
0.238378499,-0.652103702,0.694307962
0.271306711,-0.639105793,0.694307962
0.301309177,-0.625520844,0.694307962
0.328157757,-0.611862757,0.694307962
0.351733272,-0.598621125,0.694307962
0.37202881,-0.586223602,0.694307962
0.391887845,-0.573138259,0.694307962
0.413907197,-0.557444507,0.694307962
0.437696974,-0.538966517,0.694307962
0.462763432,-0.517603664,0.694307962
0.488544442,-0.493343567,0.694307962
0.514449221,-0.466267676,0.694307962
0.539896409,-0.43654944,0.694307962
0.564345829,-0.404446946,0.694307962
0.587321586,-0.370292993,0.694307962
0.608426705,-0.334485412,0.694307962
0.627351358,-0.297479109,0.694307962
0.643877468,-0.259779432,0.694307962
0.657881846,-0.221934728,0.694307962
0.669338497,-0.184525129,0.694307962
0.678318953,-0.148145013,0.694307962
0.684988274,-0.113378176,0.694307962
0.689594247,-0.080767076,0.694307962
0.692448531,-0.050779702,0.694307962
0.693900645,-0.023779015,0.694307962
0.694307962,2.42E-16,0.694307962
0.693900645,-0.023779015,0.694307962
0.692448531,-0.050779702,0.694307962
0.689594247,-0.080767076,0.694307962
0.684988274,-0.113378176,0.694307962
0.678318953,-0.148145013,0.694307962
0.669338497,-0.184525129,0.694307962
0.657881846,-0.221934728,0.694307962
0.643877468,-0.259779432,0.694307962
0.627351358,-0.297479109,0.694307962
0.608426705,-0.334485412,0.694307962
0.587321586,-0.370292993,0.694307962
0.564345829,-0.404446946,0.694307962
0.539896409,-0.43654944,0.694307962
0.514449221,-0.466267676,0.694307962
0.488544442,-0.493343567,0.694307962
0.462763432,-0.517603664,0.694307962
0.437696974,-0.538966517,0.694307962
0.413907197,-0.557444507,0.694307962
0.391887845,-0.573138259,0.694307962
0.37202881,-0.586223602,0.694307962
0.351733272,-0.598621125,0.694307962
0.328157757,-0.611862757,0.694307962
0.301309177,-0.625520844,0.694307962
0.271306711,-0.639105793,0.694307962
0.238378499,-0.652103702,0.694307962
0.202849782,-0.664014693,0.694307962
0.165125033,-0.674386588,0.694307962
0.125667771,-0.682840507,0.694307962
0.084981749,-0.689087548,0.694307962
0.043595958,-0.692937904,0.694307962
0.002053928,-0.694304924,0.694307962
-0.039094234,-0.693206454,0.694307962
-0.079299921,-0.689764503,0.694307962
-0.118027142,-0.684202558,0.694307962
-0.154768548,-0.676838417,0.694307962
-0.189066181,-0.668070001,0.694307962
-0.220534714,-0.658352479,0.694307962
-0.248883397,-0.648167109,0.694307962
-0.273932629,-0.637984687,0.694307962
-0.295621952,-0.628228627,0.694307962
-0.316964421,-0.617735463,0.694307962
-0.340777093,-0.604925218,0.694307962
-0.366695186,-0.589574582,0.694307962
-0.394241463,-0.571521842,0.694307962
-0.422859779,-0.55068426,0.694307962
-0.4519538,-0.5270686,0.694307962
-0.480925012,-0.50077408,0.694307962
-0.50920515,-0.471989049,0.694307962
-0.536280362,-0.440984036,0.694307962
-0.561706941,-0.408103981,0.694307962
-0.585120487,-0.373761371,0.694307962
-0.606241305,-0.338430238,0.694307962
-0.624878454,-0.302639165,0.694307962
-0.640933432,-0.266960452,0.694307962
-0.654402712,-0.231992753,0.694307962
-0.665376884,-0.198335951,0.694307962
-0.674033792,-0.166559281,0.694307962
-0.680623984,-0.137166102,0.694307962
-0.68544873,-0.110560322,0.694307962
-0.688833137,-0.087019862,0.694307962
-0.68544873,-0.110560322,0.694307962
-0.680623984,-0.137166102,0.694307962
-0.674033792,-0.166559281,0.694307962
-0.665376884,-0.198335951,0.694307962
-0.654402712,-0.231992753,0.694307962
-0.640933432,-0.266960452,0.694307962
-0.624878454,-0.302639165,0.694307962
-0.606241305,-0.338430238,0.694307962
-0.585120487,-0.373761371,0.694307962
-0.561706941,-0.408103981,0.694307962
-0.536280362,-0.440984036,0.694307962
-0.50920515,-0.471989049,0.694307962
-0.480925012,-0.50077408,0.694307962
-0.4519538,-0.5270686,0.694307962
-0.422859779,-0.55068426,0.694307962
-0.394241463,-0.571521842,0.694307962
-0.366695186,-0.589574582,0.694307962
-0.340777093,-0.604925218,0.694307962
-0.316964421,-0.617735463,0.694307962
-0.295621952,-0.628228627,0.694307962
-0.273932629,-0.637984687,0.694307962
-0.248883397,-0.648167109,0.694307962
-0.220534714,-0.658352479,0.694307962
-0.189066181,-0.668070001,0.694307962
-0.154768548,-0.676838417,0.694307962
-0.118027142,-0.684202558,0.694307962
-0.079299921,-0.689764503,0.694307962
-0.039094234,-0.693206454,0.694307962
0.002053928,-0.694304924,0.694307962
0.043595958,-0.692937904,0.694307962
0.084981749,-0.689087548,0.694307962
0.125667771,-0.682840507,0.694307962
0.165125033,-0.674386588,0.694307962
0.202849782,-0.664014693,0.694307962
0.238378499,-0.652103702,0.694307962
0.271306711,-0.639105793,0.694307962
0.301309177,-0.625520844,0.694307962
0.328157757,-0.611862757,0.694307962
0.351733272,-0.598621125,0.694307962
0.37202881,-0.586223602,0.694307962
0.391887845,-0.573138259,0.694307962
0.413907197,-0.557444507,0.694307962
0.437696974,-0.538966517,0.694307962
0.462763432,-0.517603664,0.694307962
0.488544442,-0.493343567,0.694307962
0.514449221,-0.466267676,0.694307962
0.539896409,-0.43654944,0.694307962
0.564345829,-0.404446946,0.694307962
0.587321586,-0.370292993,0.694307962
0.608426705,-0.334485412,0.694307962
0.627351358,-0.297479109,0.694307962
0.643877468,-0.259779432,0.694307962
0.657881846,-0.221934728,0.694307962
0.669338497,-0.184525129,0.694307962
0.678318953,-0.148145013,0.694307962
0.684988274,-0.113378176,0.694307962
0.689594247,-0.080767076,0.694307962
0.692448531,-0.050779702,0.694307962
0.693900645,-0.023779015,0.694307962
0.694307962,2.42E-16,0.694307962
0.693900645,0.023779015,0.694307962
0.692448531,0.050779702,0.694307962
0.689594247,0.080767076,0.694307962
0.684988274,0.113378176,0.694307962
0.678318953,0.148145013,0.694307962
0.669338497,0.184525129,0.694307962
0.657881846,0.221934728,0.694307962
0.643877468,0.259779432,0.694307962
0.627351358,0.297479109,0.694307962
0.608426705,0.334485412,0.694307962
0.587321586,0.370292993,0.694307962
0.564345829,0.404446946,0.694307962
0.539896409,0.43654944,0.694307962
0.514449221,0.466267676,0.694307962
0.488544442,0.493343567,0.694307962
0.462763432,0.517603664,0.694307962
0.437696974,0.538966517,0.694307962
0.413907197,0.557444507,0.694307962
0.391887845,0.573138259,0.694307962
0.37202881,0.586223602,0.694307962
0.351733272,0.598621125,0.694307962
0.328157757,0.611862757,0.694307962
0.301309177,0.625520844,0.694307962
0.271306711,0.639105793,0.694307962
0.238378499,0.652103702,0.694307962
0.202849782,0.664014693,0.694307962
0.165125033,0.674386588,0.694307962
0.125667771,0.682840507,0.694307962
0.084981749,0.689087548,0.694307962
0.043595958,0.692937904,0.694307962
0.002053928,0.694304924,0.694307962
-0.039094234,0.693206454,0.694307962
-0.079299921,0.689764503,0.694307962
-0.118027142,0.684202558,0.694307962
-0.154768548,0.676838417,0.694307962
-0.189066181,0.668070001,0.694307962
-0.220534714,0.658352479,0.694307962
-0.248883397,0.648167109,0.694307962
-0.273932629,0.637984687,0.694307962
-0.295621952,0.628228627,0.694307962
-0.316964421,0.617735463,0.694307962
-0.340777093,0.604925218,0.694307962
-0.366695186,0.589574582,0.694307962
-0.394241463,0.571521842,0.694307962
-0.422859779,0.55068426,0.694307962
-0.4519538,0.5270686,0.694307962
-0.480925012,0.50077408,0.694307962
-0.50920515,0.471989049,0.694307962
-0.536280362,0.440984036,0.694307962
-0.561706941,0.408103981,0.694307962
-0.585120487,0.373761371,0.694307962
-0.606241305,0.338430238,0.694307962
-0.624878454,0.302639165,0.694307962
-0.640933432,0.266960452,0.694307962
-0.654402712,0.231992753,0.694307962
-0.665376884,0.198335951,0.694307962
-0.674033792,0.166559281,0.694307962
-0.680623984,0.137166102,0.694307962
-0.68544873,0.110560322,0.694307962
-0.688833137,0.087019862,0.694307962
-0.68544873,0.110560322,0.694307962
-0.680623984,0.137166102,0.694307962
-0.674033792,0.166559281,0.694307962
-0.665376884,0.198335951,0.694307962
-0.654402712,0.231992753,0.694307962
-0.640933432,0.266960452,0.694307962
-0.624878454,0.302639165,0.694307962
-0.606241305,0.338430238,0.694307962
-0.585120487,0.373761371,0.694307962
-0.561706941,0.408103981,0.694307962
-0.536280362,0.440984036,0.694307962
-0.50920515,0.471989049,0.694307962
-0.480925012,0.50077408,0.694307962
-0.4519538,0.5270686,0.694307962
-0.422859779,0.55068426,0.694307962
-0.394241463,0.571521842,0.694307962
-0.366695186,0.589574582,0.694307962
-0.340777093,0.604925218,0.694307962
-0.316964421,0.617735463,0.694307962
-0.295621952,0.628228627,0.694307962
-0.273932629,0.637984687,0.694307962
-0.248883397,0.648167109,0.694307962
-0.220534714,0.658352479,0.694307962
-0.189066181,0.668070001,0.694307962
-0.154768548,0.676838417,0.694307962
-0.118027142,0.684202558,0.694307962
-0.079299921,0.689764503,0.694307962
-0.039094234,0.693206454,0.694307962
0.002053928,0.694304924,0.694307962
0.043595958,0.692937904,0.694307962
0.084981749,0.689087548,0.694307962
0.125667771,0.682840507,0.694307962
0.165125033,0.674386588,0.694307962
0.202849782,0.664014693,0.694307962
0.238378499,0.652103702,0.694307962
0.271306711,0.639105793,0.694307962
0.301309177,0.625520844,0.694307962
0.328157757,0.611862757,0.694307962
0.351733272,0.598621125,0.694307962
0.37202881,0.586223602,0.694307962
0.391887845,0.573138259,0.694307962
0.413907197,0.557444507,0.694307962
0.437696974,0.538966517,0.694307962
0.462763432,0.517603664,0.694307962
0.488544442,0.493343567,0.694307962
0.514449221,0.466267676,0.694307962
0.539896409,0.43654944,0.694307962
0.564345829,0.404446946,0.694307962
0.587321586,0.370292993,0.694307962
0.608426705,0.334485412,0.694307962
0.627351358,0.297479109,0.694307962
0.643877468,0.259779432,0.694307962
0.657881846,0.221934728,0.694307962
0.669338497,0.184525129,0.694307962
0.678318953,0.148145013,0.694307962
0.684988274,0.113378176,0.694307962
0.689594247,0.080767076,0.694307962
0.692448531,0.050779702,0.694307962
0.693900645,0.023779015,0.694307962
0,0,0
0,0,0
0,0,0
0,0,0
0,0,0
0,0,0
0,0,0
0,0,0
0,0,0
0,0,0
0,0,0
0,0,0
0,0,0
0,0,0
0,0,0
0,0,0
0,0,0
0,0,0
0,0,0
0,0,0
0,0,0
0,0,0
0,0,0
0,0,0
0,0,0
0,0,0
0,0,0
0,0,0
0,0,0
0,0,0
0,0,0
0,0,0
0,0,0
0,0,0
0,0,0
0,0,0
0,0,0
0,0,0
0,0,0
0,0,0
0,0,0
0,0,0
0,0,0
0,0,0
0,0,0
0,0,0
0,0,0
0,0,0
0,0,0
0,0,0
0,0,0
0,0,0
0,0,0
0,0,0
0,0,0
0,0,0
0,0,0
0,0,0
0,0,0
0,0,0
0,0,0
0,0,0
0,0,0
0,0,0
0,0,0
0,0,0
0,0,0
0,0,0
0,0,0
0,0,0
0,0,0
0,0,0
0,0,0
0,0,0
0,0,0
0,0,0
0,0,0
0,0,0
0,0,0
0,0,0
0,0,0
0,0,0
0,0,0
0,0,0
0,0,0
0,0,0
0,0,0
0,0,0
0,0,0
0,0,0
0,0,0
0,0,0
0,0,0
0,0,0
0,0,0
0,0,0
0,0,0
0,0,0
0,0,0
0,0,0
-0.002986512,-0.002986512,0.004223565
-0.001602678,-0.001602678,0.002266529
-0.000103802,-0.000103802,0.000146799
0.001443296,0.001443296,0.002041129
0.0029663,0.0029663,0.004194982
0.004390569,0.004390569,0.006209202
0.005642584,0.005642584,0.007979819
0.006653528,0.006653528,0.00940951
0.00736284,0.00736284,0.010412628
0.00772157,0.00772157,0.01091995
0.007695391,0.007695391,0.010882927
0.007267087,0.007267087,0.010277213
0.006438394,0.006438394,0.009105264
0.00523107,0.00523107,0.007397851
0.003687095,0.003687095,0.00521434
0.001867949,0.001867949,0.002641678
-0.000147056,-0.000147056,0.000207969
-0.002263363,-0.002263363,0.003200879
-0.00437463,-0.00437463,0.006186661
-0.006366948,-0.006366948,0.009004225
-0.00390012,-0.008123686,0.009011393
-0.007264246,-0.009530774,0.011983527
-0.010335447,-0.010482246,0.014720697
-0.012926911,-0.010885783,0.016899861
-0.014863033,-0.010668051,0.018295275
-0.015988768,-0.009779565,0.018742481
-0.016178671,-0.008198852,0.018137546
-0.015345203,-0.005935693,0.016453197
-0.013445869,-0.003033242,0.013783757
-0.01048881,0.000431139,0.010497668
-0.006536485,0.004346442,0.007849662
-0.001707165,0.008570047,0.008738428
0.00382598,0.012931244,0.01348537
0.009838329,0.01723618,0.019846376
0.016059809,0.02127415,0.026655336
0.022183372,0.02482505,0.033292418
0.027875759,0.02766779,0.039275495
0.032790257,0.029589378,0.044167095
0.036581056,0.030394396,0.047560414
0.038918724,0.029914499,0.04908711
0.036519726,0.025031099,0.044274669
0.036492291,0.023013741,0.043143012
0.034396164,0.01957203,0.039574746
0.030057187,0.014662365,0.033442778
0.023385239,0.008298336,0.024813944
0.014386753,0.000556359,0.014397506
0.003174352,-0.008420576,0.008999034
-0.010026946,-0.018421284,0.020973396
-0.024877478,-0.02916713,0.038335497
-0.040924992,-0.040315269,0.057447157
-0.057611239,-0.051464442,0.077250525
-0.074283173,-0.062163296,0.096862093
-0.090208642,-0.071921101,0.11537003
-0.104596296,-0.080220657,0.131817066
-0.116619257,-0.086533067,0.145217157
-0.125441925,-0.090334002,0.154583015
-0.130249147,-0.091120983,0.158958717
-0.130276857,-0.088431156,0.157455164
-0.124843164,-0.081858997,0.149287344
-0.11337883,-0.071073339,0.13381397
-0.091232446,-0.055833126,0.106961194
-0.068547641,-0.036001297,0.077426562
-0.039235281,-0.01155625,0.040901762
-0.003336084,0.017399631,0.017716564
0.038899172,0.050634792,0.063851607
0.087000209,0.087787019,0.123594487
0.14027436,0.128365867,0.190143871
0.197810738,0.171759109,0.261973814
0.258491749,0.217243199,0.337657507
0.321011991,0.263997591,0.415624141
0.383904343,0.311122631,0.494145562
0.445572805,0.357660629,0.571363501
0.504331365,0.402619569,0.645331421
0.558447988,0.444998847,0.714064513
0.606192552,0.483816315,0.775595021
0.645887423,0.518135852,0.828030992
0.675959178,0.547094648,0.869616791
0.6949899,0.569929359,0.898793878
0.701766419,0.586000315,0.914260617
0.695325862,0.594812982,0.915030348
0.672009415,0.593049452,0.896272451
0.638825746,0.587912223,0.8681815
0.591520955,0.57517795,0.825061643
0.530395551,0.555002345,0.767689419
0.456116784,0.527725194,0.697521614
0.369717567,0.493867161,0.616924511
0.27258484,0.45412159,0.529649802
0.166437322,0.409341383,0.441884318
0.053292916,0.360521195,0.364438838
-0.064573661,0.308775313,0.31545515
-0.184682097,0.255311748,0.315105642
-0.304405356,0.201403156,0.365001167
-0.421034715,0.14835534,0.446407368
-0.53184926,0.097474145,0.540707725
-0.634187942,0.050031652,0.636158402
-0.725522167,0.007232583,0.725558216
-0.80352681,-0.029818139,0.804079881
-0.866147571,-0.060145742,0.868233336
-0.911662595,-0.082933002,0.915426987
-0.938736448,-0.097543862,0.943790721
-0.942241144,-0.103542566,0.9479132
-0.932141128,-0.100707688,0.937565528
-0.902465075,-0.089040617,0.906846979
-0.853660006,-0.068768162,0.8564254
-0.786655261,-0.040339135,0.787688864
-0.702848568,-0.004414931,0.702862434
-0.604079206,0.038145705,0.605282399
-0.492588754,0.086307382,0.500092636
-0.370970259,0.138883704,0.39611566
-0.242107027,0.194567209,0.31059976
-0.109102538,0.251962798,0.274569874
0.024796715,0.30962379,0.310615145
0.156283466,0.3660896,0.398052907
0.282074777,0.419924035,0.505867943
0.398997714,0.469753155,0.616333678
0.504073226,0.514301642,0.720136095
0.594595901,0.552426684,0.811615381
0.668207352,0.583148428,0.886883958
0.722961123,0.605676148,0.943141761
0.757377253,0.6194294,0.978423776
0.767498364,0.621067063,0.98730848
0.760248901,0.617826723,0.979636795
0.731494794,0.605572345,0.949632823
0.681844591,0.584591724,0.898142266
0.612441135,0.555392984,0.826768112
0.524935867,0.518692211,0.737969697
0.421449566,0.475395739,0.635311613
0.304520494,0.426577563,0.524119403
0.177041221,0.373452439,0.41329205
0.042185775,0.31734536,0.320137029
-0.096671017,0.25965819,0.277069776
-0.236039868,0.201834296,0.310567065
-0.372406778,0.145322098,0.399756577
-0.502323814,0.091538452,0.510596222
-0.622498483,0.0418328,0.623902512
-0.72987934,-0.002546983,0.729883784
-0.821735499,-0.040486191,0.822732254
-0.895727941,-0.071031525,0.898539939
-0.94997067,-0.093415247,0.954552608
-0.983080095,-0.107074636,0.988894055
-0.99421128,-0.107442686,1
-0.983080095,-0.104808108,0.988651209
-0.94997067,-0.093268448,0.954538253
-0.895727941,-0.073072654,0.898703598
-0.821735499,-0.044681173,0.822949353
-0.72987934,-0.008756185,0.729931861
-0.622498483,0.033852982,0.623418307
-0.502323814,0.082128942,0.508993494
-0.372406778,0.134909471,0.396090108
-0.236039868,0.190914346,0.303583772
-0.096671017,0.248775263,0.266897765
0.042185775,0.307068148,0.309952395
0.177041221,0.364347175,0.405083273
0.304520494,0.419179713,0.518116167
0.421449566,0.470181399,0.631419262
0.524935867,0.516050533,0.736115355
0.612441135,0.555600953,0.826907832
0.681844591,0.587792602,0.900228965
0.731494794,0.611759006,0.95358991
0.760248901,0.626830947,0.98534026
0.764511852,0.629569177,0.990371506
0.755774575,0.631305273,0.984754566
0.722857321,0.620396479,0.952583066
0.669650648,0.599986546,0.899119483
0.597562201,0.570479887,0.826152459
0.508463795,0.532522605,0.736285104
0.404640298,0.486990667,0.633161654
0.288728305,0.434971901,0.522077187
0.163646305,0.377742091,0.41166637
0.032518285,0.316735638,0.318400539
-0.101407147,0.253511393,0.273041088
-0.23483994,0.189714418,0.30189627
-0.364531865,0.127034557,0.386032718
-0.487357684,0.067162812,0.491963774
-0.600392111,0.011746609,0.60050701
-0.700980619,-0.037654906,0.701991254
-0.786802317,-0.079614355,0.790820038
-0.855923369,-0.112877225,0.863334281
-0.906839705,-0.136399414,0.917040375
-0.938508076,-0.149380127,0.950321962
-0.946141264,-0.151289137,0.958160578
-0.946000694,-0.141887509,0.956582134
-0.921998041,-0.121241077,0.929935367
-0.879074483,-0.089726112,0.883641738
-0.818389843,-0.048026829,0.819797848
-0.741510934,0.002875409,0.741516509
-0.650366613,0.061721112,0.653288778
-0.547194462,0.126999591,0.561738975
-0.434480584,0.196983276,0.477049043
-0.314894166,0.269768645,0.414648595
-0.191218582,0.343322828,0.392982328
-0.066280826,0.415534749,0.420787684
0.057118897,0.4842695,0.487626411
0.176275652,0.547424555,0.575105858
0.288644649,0.602986316,0.668511952
0.39190094,0.64908546,0.75822047
0.483992543,0.684049545,0.837957375
0.563185808,0.706451386,0.903466554
0.628102011,0.715151789,0.951816273
0.67774447,0.709335378,0.981067911
0.708529141,0.691524912,0.990060729
0.731818153,0.658467051,0.984447391
0.736162584,0.607298822,0.954330765
0.725047086,0.541703516,0.905061311
0.699344417,0.462765071,0.838590558
0.660274176,0.371931086,0.757822353
0.609366903,0.270978894,0.66690148
0.548421041,0.161972109,0.571839665
0.479453887,0.04720883,0.48177246
0.404647813,-0.070837031,0.410801336
0.326293105,-0.189579641,0.377369356
0.246728818,-0.306388513,0.393381533
0.168283107,-0.418657203,0.451212875
0.093214442,-0.523871454,0.532099833
0.023655102,-0.619674794,0.620126128
-0.038441716,-0.703929706,0.704978579
-0.091349975,-0.774772585,0.780139331
-0.13361294,-0.830660928,0.841338217
-0.164078445,-0.870411414,0.885741365
-0.181926471,-0.893227835,0.911566348
-0.182464892,-0.898718138,0.91705383
-0.181926471,-0.886900184,0.905366874
-0.164078445,-0.858196183,0.873740478
-0.13361294,-0.813416088,0.824316778
-0.091349975,-0.753730595,0.759246091
-0.038441716,-0.680634678,0.681719393
0.023655102,-0.595902899,0.596372224
0.093214442,-0.501537927,0.510126675
0.168283107,-0.399713932,0.433693938
0.246728818,-0.292716618,0.382829111
0.326293105,-0.182881742,0.374049357
0.404647813,-0.072533985,0.411097351
0.479453887,0.036072021,0.480808923
0.548421041,0.140806805,0.566208614
0.609366903,0.239715762,0.654821861
0.660274176,0.331062123,0.738623122
0.699344417,0.413362091,0.812373579
0.725047086,0.485411351,0.872535075
0.736162584,0.546302426,0.916723344
0.731818153,0.595432697,0.943450001
0.714502164,0.63548969,0.956221987
0.680949826,0.663307897,0.950615606
0.628309616,0.676007728,0.922908133
0.560299216,0.677126656,0.878883223
0.478059943,0.667452872,0.82099613
0.383119801,0.647972742,0.752761222
0.277359482,0.619827468,0.679054027
0.162968595,0.584267122,0.606569726
0.042393217,0.542603759,0.544257314
-0.081723967,0.496165286,0.502850672
-0.206609365,0.446251712,0.491760124
-0.32942834,0.394095236,0.513647823
-0.447357372,0.340825478,0.562397213
-0.557656603,0.287440904,0.627378005
-0.657740804,0.234787245,0.698389587
-0.745246831,0.183543413,0.767516139
-0.818095731,0.134215137,0.829032164
-0.874547757,0.087136201,0.878877976
-0.913248782,0.042476918,0.914236089
-0.933266797,0.000259169,0.933266833
-0.938341023,-0.039622886,0.939177219
-0.923979585,-0.077377532,0.927213867
-0.886168811,-0.113286914,0.893380706
-0.830069546,-0.147676488,0.843103669
-0.757076251,-0.180883939,0.778385154
-0.669003084,-0.213228944,0.702162167
-0.568034769,-0.244985124,0.618612326
-0.456667278,-0.276355405,0.533776463
-0.337640126,-0.307451841,0.456648102
-0.213862319,-0.338280764,0.400213651
-0.088334177,-0.36873387,0.379166973
0.035932616,-0.398585621,0.400202011
0.155994345,-0.427497047,0.455069183
0.269051647,-0.455025793,0.528618257
0.372520679,-0.480641963,0.608102256
0.46409705,-0.503749099,0.684944689
0.541810683,-0.523709408,0.753545195
0.604070134,-0.539872172,0.810162138
0.649695208,-0.551604151,0.852274019
0.677937128,-0.558320691,0.87824868
0.685499377,-0.556529726,0.88296927
0.684058964,-0.548993499,0.877114889
0.662494861,-0.538596893,0.853806801
0.62461681,-0.522212088,0.814157002
0.571603257,-0.499849435,0.75932848
0.504943499,-0.471683789,0.690980125
0.42638603,-0.43806178,0.611312661
0.337881442,-0.399503054,0.523227063
0.241521857,-0.356695215,0.43077173
0.139478899,-0.310482478,0.340372931
0.033942243,-0.261848233,0.264038961
-0.072939348,-0.211891967,0.22409452
-0.179112706,-0.161801209,0.241373141
-0.28266908,-0.112819348,0.304351794
-0.381885777,-0.066210323,0.387582964
-0.475259593,-0.02322135,0.475826557
-0.561531318,0.014955106,0.56173043
-0.639700953,0.047218831,0.641441289
-0.709033602,0.072597555,0.712740523
-0.769056332,0.090279617,0.774337169
-0.819546629,0.103866011,0.826102188
-0.860513304,0.096607268,0.865919228
-0.892171002,0.084812786,0.89619323
-0.914909596,0.064463671,0.917177809
-0.929259911,0.035997096,0.929956866
-0.935857293,7.37E-05,0.935857296
-0.935404543,-0.042438428,0.936366744
-0.928635695,-0.090485821,0.933033728
-0.916282016,-0.142857938,0.927351672
-0.89904147,-0.198220071,0.920633891
-0.877552674,-0.255150334,0.913892985
-0.852374165,-0.312179432,0.907743199
-0.823969549,-0.367832024,0.902344843
-0.792698823,-0.420668358,0.897403639
-0.758815918,-0.469324912,0.892226132
-0.722472235,-0.512552751,0.88581965
-0.683725702,-0.549252415,0.877017132
-0.642554694,-0.578504253,0.864606099
-0.598875932,-0.599593289,0.847445865
-0.552565375,-0.612027853,0.824564483
-0.500494504,-0.612564948,0.791031329
-0.44568698,-0.604348173,0.750915174
-0.391184656,-0.590748212,0.708525853
-0.333912672,-0.569196902,0.659911195
-0.273833489,-0.540306081,0.605735455
-0.210978973,-0.504861817,0.547172351
-0.145465846,-0.463800811,0.486077674
-0.077507288,-0.418183226,0.42530529
-0.007420163,-0.369162788,0.369237353
0.064372483,-0.317955083,0.324405998
0.137343787,-0.265804986,0.299191588
0.210870253,-0.213954173,0.300404147
0.284243493,-0.16360964,0.327967189
0.356686102,-0.115914092,0.375048067
0.427371068,-0.071918991,0.433380169
0.495443967,-0.03256094,0.496512779
0.560047121,0.001358027,0.560048768
0.620344786,0.029185825,0.62103097
0.675548417,0.050431081,0.677428193
0.724941058,0.064769146,0.727828675
0.772123502,0.072043366,0.77547724
0.800247827,0.072261764,0.803503794
0.825426038,0.065589418,0.828027847
0.843344928,0.052336938,0.84496735
0.854055126,0.032945553,0.854690335
0.85774575,0.007969375,0.857782771
0.854738222,-0.021944489,0.855019877
0.845475908,-0.056077313,0.847333568
0.830509916,-0.09366092,0.835774544
0.81048159,-0.133899946,0.821467956
0.786102298,-0.175993551,0.805562258
0.758131259,-0.219155972,0.789171937
0.727352206,-0.262635379,0.773316607
0.694549712,-0.305730572,0.758861308
0.660486025,-0.347805163,0.74646515
0.625879233,-0.388298962,0.736546603
0.591383516,-0.426736423,0.72927254
0.557572146,-0.462732062,0.724574122
0.524923812,-0.495992902,0.722186934
0.493812689,-0.526318067,0.721707475
0.467489045,-0.556582237,0.726862982
0.442944362,-0.583597105,0.732656324
0.417070845,-0.604261079,0.734220363
0.392824276,-0.621706749,0.735411581
0.370099042,-0.636155696,0.735980551
0.348724859,-0.64789106,0.735779759
0.328478603,-0.657242249,0.734755447
0.309097266,-0.664568905,0.732934479
0.290291537,-0.67024469,0.730408872
0.271759479,-0.674641471,0.727319963
0.253199828,-0.678114455,0.723843469
0.234324432,-0.680988757,0.720176108
0.214869436,-0.683547824,0.716523902
0.194604863,-0.686024076,0.71309192
0.173342317,-0.688592013,0.71007501
0.150940635,-0.691363947,0.707649053
0.12730937,-0.694388428,0.705962439
0.102410111,-0.69765133,0.705127796
0.076255701,-0.701079439,0.705214373
0.0489075,-0.704546356,0.706241822
0.016247371,-0.707880377,0.708066809
-0.017112056,-0.710874007,0.711079937
-0.04654195,-0.713294671,0.714811472
-0.07611182,-0.71489617,0.718936397
-0.105679155,-0.715430419,0.723193451
-0.135117401,-0.714658974,0.727319848
-0.164318803,-0.712363908,0.731069769
-0.193195617,-0.708357603,0.734230918
-0.221679741,-0.702491095,0.73663807
-0.249720884,-0.694660652,0.738182865
-0.277283494,-0.684812355,0.738819394
-0.304342715,-0.672944516,0.738565373
-0.330879705,-0.659107881,0.737498866
-0.356876683,-0.643403602,0.735750747
-0.38231207,-0.625979118,0.733493268
-0.407156098,-0.607022097,0.730925383
-0.431367223,-0.586752717,0.728255746
-0.454889624,-0.565414583,0.725684657
-0.477652031,-0.543264683,0.723386465
-0.499568005,-0.520562751,0.721494123
-0.517551244,-0.494573992,0.715865018
-0.543045526,-0.477085231,0.722847674
-0.564275477,-0.456641236,0.725898087
-0.584010284,-0.436293924,0.728985871
-0.602047589,-0.416072351,0.731831606
-0.618210813,-0.395967382,0.734149016
-0.632359705,-0.375931482,0.735665193
-0.644400088,-0.355880196,0.73614006
-0.654292268,-0.335695318,0.735384062
-0.662057581,-0.31522965,0.733273464
-0.667782631,-0.294313218,0.729762915
-0.671620825,-0.272760711,0.724895122
-0.673790926,-0.25037991,0.718807562
-0.674572454,-0.226980767,0.711736091
-0.674297899,-0.202384813,0.704015105
-0.673341849,-0.176434526,0.696073551
-0.672107273,-0.149002301,0.688425647
-0.671009341,-0.119998648,0.68165476
-0.670457303,-0.089379318,0.676388688
-0.670835045,-0.057151018,0.673265101
-0.668257492,-0.023375514,0.668666202
-0.667466955,0.011828099,0.667571749
-0.673106811,0.048283072,0.674836301
-0.680997872,0.085756653,0.686376212
-0.691042773,0.123963714,0.702073441
-0.702995541,0.162572229,0.721548654
-0.716460143,0.201210447,0.744177923
-0.730894725,0.239475511,0.769126531
-0.74562163,0.276943242,0.795392465
-0.759843056,0.313178731,0.82185302
-0.77266202,0.347747393,0.847310361
-0.783108072,0.38022608,0.87053439
-0.790167014,0.410213861,0.890302939
-0.792813747,0.437342108,0.905440091
-0.790047166,0.46128352,0.914853546
-0.780925987,0.481759786,0.917571735
-0.764604288,0.498547634,0.912781168
-0.740365532,0.511483059,0.899864457
-0.707653861,0.520463627,0.878439739
-0.666101536,0.525448793,0.848403023
-0.618537971,0.52944478,0.814187323
-0.553479846,0.520974467,0.760101529
-0.482895244,0.511826154,0.703671677
-0.404449032,0.499289116,0.642548551
-0.319021607,0.4836687,0.579405037
-0.227707443,0.465287714,0.518018665
-0.13179339,0.444474252,0.463602047
-0.03273078,0.42154992,0.422818683
0.067897882,0.396818946,0.402585889
0.168416697,0.37055859,0.407035444
0.267097483,0.343011263,0.434738763
0.362202985,0.314378659,0.479609157
0.45203084,0.284818155,0.534278263
0.534956953,0.254441641,0.59238458
0.609476915,0.223316819,0.64910131
0.674244175,0.191470949,0.70090394
0.728103783,0.158896896,0.74524046
0.770120641,0.125561225,0.78028932
0.799601418,0.091414037,0.804809887
0.816109472,0.056400119,0.818056015
0.819472366,0.016247371,0.819633416
0.80978182,-0.024604674,0.810155532
0.787386186,-0.061700287,0.789799932
0.752875801,-0.099262933,0.759391271
0.707061793,-0.137266681,0.720262814
0.650949148,-0.175647716,0.674230608
0.58570502,-0.214293305,0.623676191
0.512623426,-0.253032396,0.571671384
0.433087569,-0.29162846,0.522122592
0.34853109,-0.329775111,0.479818241
0.260399584,-0.367094929,0.450074028
0.170113651,-0.403141826,0.437563694
0.079034691,-0.437407114,0.444490119
-0.011565476,-0.469329336,0.469471816
-0.100530258,-0.498307719,0.508347239
-0.186838481,-0.523718953,0.556048703
-0.269618627,-0.544936881,0.607988822
-0.348156867,-0.561354464,0.660554342
-0.421898848,-0.572407341,0.711089869
-0.490445491,-0.577598111,0.757731059
-0.550556703,-0.573533955,0.795018164
-0.613663344,-0.571476274,0.838551031
-0.668094591,-0.559607688,0.871499367
-0.716813986,-0.540807789,0.897939505
-0.759872817,-0.515144307,0.918030694
-0.797375545,-0.482872504,0.932187543
-0.829458653,-0.444442368,0.941026395
-0.856270428,-0.400499541,0.945303616
-0.877952632,-0.351879602,0.945843581
-0.89462489,-0.299595543,0.943457039
-0.90637247,-0.24481851,0.938854172
-0.913237994,-0.18885214,0.932560328
-0.915217408,-0.13310104,0.924845279
-0.91226032,-0.079034198,0.915677507
-0.904274658,-0.028144313,0.904712528
-0.891135339,0.018095775,0.89131905
-0.872696514,0.058278252,0.874640246
-0.848806733,0.091105659,0.85368209
-0.819326286,0.115434923,0.827418144
-0.78414584,0.130318579,0.794901019
-0.73898187,0.135041766,0.751219331
-0.700181486,0.129153612,0.711993518
-0.651347223,0.112491817,0.660989874
-0.596749204,0.085199386,0.602800587
-0.536555447,0.047732716,0.538674447
-0.471067954,0.000860488,0.47106874
-0.400730394,-0.054346921,0.404398858
-0.326130484,-0.11653745,0.346326537
-0.247996817,-0.184106488,0.308865052
-0.167190099,-0.255234471,0.30511828
-0.084688988,-0.327932045,0.338691085
-0.001570938,-0.400091608,0.400094692
0.081011364,-0.46954382,0.476481102
0.161857184,-0.534117498,0.558103261
0.239747646,-0.591701148,0.638427116
0.313477333,-0.640304322,0.712921919
0.381886484,-0.678116945,0.778254378
0.443892678,-0.703564794,0.831891897
0.498520892,-0.715359394,0.871930124
0.54493089,-0.712540733,0.897030642
0.579454467,-0.697497935,0.906791514
0.604747868,-0.658467051,0.894035145
0.623648805,-0.607298822,0.870488191
0.633028434,-0.541703516,0.833167269
0.632928827,-0.462765071,0.784060209
0.623575852,-0.371931086,0.726071329
0.605373604,-0.270978894,0.663254673
0.578894006,-0.161972109,0.601126638
0.544861865,-0.04720883,0.546903214
0.504135822,0.070837031,0.509088216
0.457685741,0.189579641,0.495395477
0.406567203,0.306388513,0.509088216
0.351893836,0.418657203,0.546903214
0.294808301,0.523871454,0.601126638
0.236452767,0.619674794,0.663254673
0.17793972,0.703929706,0.726071329
0.120323946,0.774772585,0.784060209
0.064576469,0.830660928,0.833167269
0.011561184,0.870411414,0.870488191
-0.037985198,0.893227835,0.894035145
-0.083469336,0.902941703,0.906791514
-0.118518057,0.889166712,0.897030642
-0.153327975,0.858342981,0.871930124
-0.183615914,0.811374959,0.831891897
-0.209466567,0.749535613,0.778254378
-0.23110158,0.674425476,0.712921919
-0.248868708,0.587923081,0.638427116
-0.263227793,0.492128417,0.558103261
-0.274733934,0.389301304,0.476481102
-0.28401831,0.281796668,0.400094692
-0.291767131,0.171998815,0.338691085
-0.298699278,0.062256773,0.30511828
-0.305543177,-0.045177285,0.308865052
-0.313013498,-0.148204655,0.346326537
-0.321788255,-0.244930103,0.404398858
-0.332486888,-0.333703801,0.47106874
-0.345649868,-0.413154122,0.538674447
-0.361720345,-0.482210472,0.602800587
-0.381028311,-0.540115765,0.660989874
-0.403777682,-0.586428472,0.711993518
-0.427050143,-0.624001063,0.75614096
-0.46232569,-0.649829347,0.797510642
-0.497726356,-0.661183594,0.827583996
-0.535775567,-0.661731834,0.851436714
-0.575880676,-0.652365969,0.870183837
-0.617332196,-0.634142348,0.885005965
-0.659319777,-0.60823254,0.897022514
-0.700951076,-0.575872785,0.907172462
-0.741273083,-0.538314107,0.916115638
-0.779295407,-0.496775009,0.924168135
-0.814014948,-0.452398509,0.931281239
-0.844441366,-0.406215113,0.9370656
-0.869622713,-0.359113019,0.940853773
-0.888670567,-0.311816544,0.941788157
-0.90078405,-0.264873436,0.938919508
-0.905272078,-0.218651336,0.931303356
-0.901573254,-0.173343301,0.918086179
-0.889272885,-0.128981901,0.898578096
-0.868116607,-0.085461084,0.87231304
-0.83802026,-0.04256466,0.839100535
-0.803299257,-1.12E-14,0.803299257
-0.759753931,0.04256466,0.760945324
-0.703374246,0.085461084,0.708547054
-0.639039373,0.128981901,0.651926108
-0.567587759,0.173343301,0.593467577
-0.490021575,0.218651336,0.536590674
-0.407482757,0.264873436,0.486004253
-0.321224963,0.311816544,0.447677377
-0.232582315,0.359113019,0.427851252
-0.142935904,0.406215113,0.430629064
-0.053679149,0.452398509,0.455572016
0.033816905,0.496775009,0.497924686
0.118237223,0.538314107,0.551146187
0.198354279,0.575872785,0.609076255
0.273056422,0.60823254,0.666713306
0.341372222,0.634142348,0.720188525
0.40249005,0.652365969,0.766537408
0.455772334,0.661731834,0.80350323
0.500764099,0.661183594,0.829414509
0.537195636,0.649829347,0.843123556
0.567965841,0.624001063,0.843778717
0.590000348,0.586428472,0.831864631
0.600394803,0.540115765,0.80758836
0.602553078,0.482210472,0.771749409
0.597030389,0.413154122,0.726045188
0.584492248,0.333703801,0.673044883
0.565684241,0.244930103,0.616432815
0.541400424,0.148204655,0.561319017
0.512451619,0.045177285,0.514439159
0.479634914,-0.062256773,0.483658512
0.443705625,-0.171998815,0.475876323
0.405352835,-0.281796668,0.493680345
0.365179502,-0.389301304,0.533771088
0.32368793,-0.492128417,0.589036718
0.28127114,-0.587923081,0.651741515
0.238210467,-0.674425476,0.71525796
0.194679404,-0.749535613,0.774405388
0.150753467,-0.811374959,0.82526113
0.106425576,-0.858342981,0.864915647
0.061626208,-0.889166712,0.891299743
0.016247371,-0.898718138,0.898864989
-0.029830763,-0.890961307,0.891460557
-0.076711825,-0.870264615,0.873639059
-0.124455175,-0.832702056,0.84195119
-0.173049189,-0.778967567,0.797957701
-0.222387233,-0.710138908,0.744146055
-0.272247626,-0.627654613,0.684155745
-0.322278685,-0.533280964,0.623098818
-0.371989807,-0.429069831,0.56787088
-0.420749287,-0.317308463,0.526986359
-0.467789291,-0.200462568,0.508932277
-0.51221815,-0.081114244,0.518600958
-0.553039787,0.038103566,0.55435087
-0.589179841,0.154574258,0.609119107
-0.619517708,0.265764554,0.67411645
-0.642923486,0.369289408,0.741434607
-0.65829857,0.46297304,0.804798759
-0.664618426,0.544904394,0.859440778
-0.660975989,0.613485482,0.901805797
-0.646623991,0.667471276,0.929322597
-0.624001063,0.703013538,0.940002852
-0.589633828,0.722813928,0.932806531
-0.54032337,0.729975923,0.908192816
-0.47932388,0.721846208,0.866494853
-0.407221522,0.699136448,0.809086609
-0.324922663,0.662915854,0.738262938
-0.233644935,0.614581244,0.657495293
-0.134897599,0.555818892,0.571954546
-0.030451605,0.488559151,0.489507246
0.077699913,0.414925026,0.422137482
0.187389598,0.337176031,0.38574932
0.296330842,0.257648767,0.392676527
0.402178092,0.178695735,0.4400902
0.502590558,0.102623951,0.512960958
0.595297271,0.031634921,0.596137241
0.678161373,-0.032232513,0.678926935
0.7492415,-0.087154993,0.754293589
0.806848233,-0.131571812,0.817505482
0.849593722,-0.164225243,0.865320416
0.876432816,-0.184193,0.895578886
0.886694332,-0.186688457,0.906134327
0.874166287,-0.181926471,0.892896376
0.849446923,-0.164078445,0.865148433
0.808889362,-0.13361294,0.819850241
0.753436482,-0.091349975,0.758954116
0.684370576,-0.038441716,0.685449378
0.60327709,0.023655102,0.603740682
0.512000068,0.093214442,0.520416181
0.41259072,0.168283107,0.445589841
0.307250791,0.246728818,0.394053497
0.198272525,0.326293105,0.381810403
0.087977126,0.404647813,0.414101228
-0.021346341,0.479453887,0.479928845
-0.127499748,0.548421041,0.563046911
-0.228430595,0.609366903,0.650775353
-0.322280985,0.660274176,0.734729216
-0.407429491,0.699344417,0.809370993
-0.482524759,0.725047086,0.8709325
-0.54651003,0.736162584,0.916847077
-0.598638052,0.731818153,0.945476243
-0.63548969,0.708529141,0.95176714
-0.660102541,0.67774447,0.946082941
-0.675800123,0.628102011,0.922614732
-0.680013248,0.563185808,0.882947491
-0.673385473,0.483992543,0.82927485
-0.65675388,0.39190094,0.764795401
-0.631112635,0.288644649,0.693987674
-0.597574178,0.176275652,0.623031303
-0.557329438,0.057118897,0.560248758
-0.511608427,-0.066280826,0.515884028
-0.461642495,-0.191218582,0.499678235
-0.408629409,-0.314894166,0.515884028
-0.353702266,-0.434480584,0.560248758
-0.297903045,-0.547194462,0.623031303
-0.242161435,-0.650366613,0.693987674
-0.18727931,-0.741510934,0.764795401
-0.133921025,-0.818389843,0.82927485
-0.082609475,-0.879074483,0.882947491
-0.033727658,-0.921998041,0.922614732
0.012474727,-0.946000694,0.946082941
0.055870257,-0.946141264,0.947789416
0.096439081,-0.938508076,0.943450001
0.134251405,-0.906839705,0.916723344
0.169448054,-0.855923369,0.872535075
0.202220042,-0.786802317,0.812373579
0.232788075,-0.700980619,0.738623122
0.261382828,-0.600392111,0.654821861
0.288226791,-0.487357684,0.566208614
0.313518324,-0.364531865,0.480808923
0.337418486,-0.23483994,0.411097351
0.360040987,-0.101407147,0.374049357
0.381445526,0.032518285,0.382829111
0.401634558,0.163646305,0.433693938
0.420553433,0.288728305,0.510126675
0.438093664,0.404640298,0.596372224
0.454098999,0.508463795,0.681719393
0.468373828,0.597562201,0.759246091
0.480693416,0.669650648,0.824316778
0.49081536,0.722857321,0.873740478
0.498491693,0.755774575,0.905366874
0.500494504,0.764511852,0.913768636
0.499760663,0.760248901,0.909801688
0.499245228,0.731494794,0.885624317
0.49577395,0.681844591,0.843032536
0.489185363,0.612441135,0.783828083
0.479352209,0.524935867,0.710870033
0.4661881,0.421449566,0.628451336
0.449652678,0.304520494,0.543065614
0.429755153,0.177041221,0.464793595
0.406556156,0.042185775,0.408738973
0.3801679,-0.096671017,0.392266386
0.350752731,-0.236039868,0.422779254
0.318520199,-0.372406778,0.49004278
0.283722802,-0.502323814,0.576912335
0.246650647,-0.622498483,0.669582633
0.207625251,-0.72987934,0.758836014
0.166992748,-0.821735499,0.838531936
0.125116756,-0.895727941,0.904423986
0.08237118,-0.94997067,0.953535151
0.039133165,-0.983080095,0.983858668
3.61E-14,-0.99421128,0.99421128
-0.039133165,-0.983080095,0.983858668
-0.08237118,-0.94997067,0.953535151
-0.125116756,-0.895727941,0.904423986
-0.166992748,-0.821735499,0.838531936
-0.207625251,-0.72987934,0.758836014
-0.246650647,-0.622498483,0.669582633
-0.283722802,-0.502323814,0.576912335
-0.318520199,-0.372406778,0.49004278
-0.350752731,-0.236039868,0.422779254
-0.3801679,-0.096671017,0.392266386
-0.406556156,0.042185775,0.408738973
-0.429755153,0.177041221,0.464793595
-0.449652678,0.304520494,0.543065614
-0.4661881,0.421449566,0.628451336
-0.479352209,0.524935867,0.710870033
-0.489185363,0.612441135,0.783828083
-0.49577395,0.681844591,0.843032536
-0.499245228,0.731494794,0.885624317
-0.499760663,0.760248901,0.909801688
-0.49452148,0.770484875,0.915531779
-0.495286337,0.758979931,0.906288636
-0.490607755,0.723064926,0.87379566
-0.483580007,0.666764056,0.823664938
-0.474306429,0.591629601,0.758282383
-0.462880137,0.499682656,0.681131983
-0.449378832,0.39335513,0.597218212
-0.433860489,0.275421249,0.513898617
-0.416360238,0.148920626,0.442191362
-0.396888666,0.017075144,0.397255804
-0.375431769,-0.11679793,0.393180327
-0.351952659,-0.249374113,0.431344552
-0.326395112,-0.377408653,0.49897
-0.298688932,-0.497819825,0.580551165
-0.268757019,-0.607766301,0.664537593
-0.236523972,-0.704716516,0.743349822
-0.201925929,-0.786508205,0.81201554
-0.164921328,-0.851396643,0.867222744
-0.125502146,-0.898090445,0.906817091
-0.083705184,-0.925774179,0.929550638
-0.039622886,-0.929893893,0.930737678
0.006586821,-0.926939146,0.926962548
0.054692149,-0.90103355,0.902691913
0.104381041,-0.857302917,0.863634004
0.155257128,-0.797053741,0.812034138
0.206838441,-0.721951804,0.750997036
0.25855914,-0.633968909,0.684667369
0.309774431,-0.535323077,0.618490901
0.359768749,-0.428414101,0.559439179
0.407767131,-0.315756445,0.515728771
0.452949611,-0.199911465,0.495103973
0.494468332,-0.083420921,0.501455862
0.53146695,0.031256408,0.532385275
0.563101818,0.141803291,0.580682212
0.588564336,0.24609635,0.637943094
0.60710378,0.342250839,0.696929434
0.618049893,0.428656963,0.752151888
0.620834491,0.504007051,0.799661536
0.615011332,0.56731322,0.836709764
0.600273543,0.617915471,0.861480038
0.573481444,0.652493919,0.868694009
0.54619986,0.682585316,0.874217937
0.50695076,0.696810918,0.861710235
0.458973213,0.698608948,0.835889271
0.402698019,0.688680345,0.797775853
0.338730544,0.667942596,0.748923022
0.267842082,0.637493223,0.691474504
0.190956429,0.598570665,0.628292288
0.109131959,0.552513825,0.563188522
0.023539693,0.500721491,0.501274505
-0.064562076,0.444612771,0.449275837
-0.153855853,0.385589583,0.415151719
-0.242994942,0.325002097,0.405799095
-0.330634473,0.264117896,0.423175398
-0.415462576,0.204095426,0.462886697
-0.496230777,0.145962185,0.517252302
-0.571782741,0.090597879,0.578915779
-0.641080501,0.038722646,0.642248902
-0.703227448,-0.009109709,0.703286449
-0.757487402,-0.05251369,0.759305506
-0.799075692,-0.091269577,0.804271159
-0.83802026,-0.131251953,0.848236425
-0.868116607,-0.162077235,0.883116908
-0.889272885,-0.18814264,0.908957599
-0.901573254,-0.20976068,0.925653216
-0.905272078,-0.227365683,0.933387748
-0.90078405,-0.241494517,0.932593967
-0.888670567,-0.252765652,0.923918747
-0.869622713,-0.261857146,0.908192065
-0.844441366,-0.269484136,0.88639885
-0.814014948,-0.276376348,0.859653547
-0.779295407,-0.283256137,0.829177527
-0.741273083,-0.290817498,0.796279223
-0.700951076,-0.299706442,0.762336122
-0.659319777,-0.310503088,0.728776191
-0.617332196,-0.32370575,0.697054125
-0.575880676,-0.339717267,0.668615266
-0.535775567,-0.358833753,0.644838833
-0.497726356,-0.381235916,0.626954823
-0.46232569,-0.406983037,0.6159385
-0.433023167,-0.433023167,0.612387235
-0.406983037,-0.46232569,0.6159385
-0.381235916,-0.497726356,0.626954823
-0.358833753,-0.535775567,0.644838833
-0.339717267,-0.575880676,0.668615266
-0.32370575,-0.617332196,0.697054125
-0.310503088,-0.659319777,0.728776191
-0.299706442,-0.700951076,0.762336122
-0.290817498,-0.741273083,0.796279223
-0.283256137,-0.779295407,0.829177527
-0.276376348,-0.814014948,0.859653547
-0.269484136,-0.844441366,0.88639885
-0.261857146,-0.869622713,0.908192065
-0.252765652,-0.888670567,0.923918747
-0.241494517,-0.90078405,0.932593967
-0.227365683,-0.905272078,0.933387748
-0.20976068,-0.901573254,0.925653216
-0.18814264,-0.889272885,0.908957599
-0.162077235,-0.868116607,0.883116908
-0.131251953,-0.83802026,0.848236425
-0.095493142,-0.794852127,0.800567826
-0.054780218,-0.755220874,0.757205019
-0.009256508,-0.703080649,0.70314158
0.040763775,-0.64312163,0.644412225
0.094792861,-0.575977723,0.583725984
0.152171388,-0.50243998,0.524978156
0.212075244,-0.423442394,0.47358143
0.273527405,-0.340043983,0.436402511
0.335414725,-0.25340757,0.420378918
0.396509532,-0.164775803,0.429384297
0.455495698,-0.075445002,0.461701504
0.510998704,0.01326248,0.511170782
0.56161909,0.100026695,0.570457134
0.605968516,0.183558578,0.633160006
0.642707563,0.262627742,0.694295573
0.670584274,0.336088865,0.750092657
0.688472376,0.402905988,0.797701352
0.69540807,0.462174091,0.834983397
0.690624257,0.513137421,0.860390538
0.673581091,0.555204085,0.872904956
0.646978316,0.58497007,0.872221832
0.607642277,0.613752093,0.863667047
0.552696691,0.629835466,0.837953666
0.485725637,0.636229313,0.800448083
0.40763746,0.633136796,0.753014277
0.319639307,0.620934173,0.69837564
0.223216255,0.600159264,0.640325416
0.120101898,0.571496156,0.583979727
0.012241077,0.535756601,0.535896426
-0.098254339,0.493858609,0.503537725
-0.209155451,0.446802815,0.493334327
-0.318170741,0.395647254,0.507709927
-0.423003348,0.341481208,0.543637055
-0.521409578,0.285398791,0.594407619
-0.611256909,0.228472949,0.652560263
-0.690579778,0.171730518,0.711612114
-0.757631464,0.116128964,0.766479857
-0.810930491,0.062535341,0.81333814
-0.849300124,0.011707983,0.84938082
-0.871899759,-0.03571867,0.872631086
-0.878247201,-0.083469336,0.882204782
-0.874166287,-0.120784585,0.88247131
-0.849446923,-0.153474774,0.863200198
-0.808889362,-0.181574786,0.829018337
-0.753436482,-0.205271585,0.780898813
-0.684370576,-0.224892377,0.720374671
-0.60327709,-0.240888889,0.649592722
-0.512000068,-0.253818283,0.571461101
-0.41259072,-0.264321307,0.489996791
-0.307250791,-0.27309836,0.41107878
-0.198272525,-0.280884204,0.343813802
-0.087977126,-0.288422065,0.301541477
0.021346341,-0.296437913,0.297205489
0.127499748,-0.305615648,0.331145149
0.228430595,-0.316573915,0.390383888
0.322280985,-0.32984521,0.461153874
0.407429491,-0.345857837,0.534430943
0.482524759,-0.364921224,0.60497739
0.54651003,-0.387214972,0.669782538
0.598638052,-0.412781907,0.727156393
0.641462713,-0.444511793,0.780426259
0.663307897,-0.479009595,0.818185528
0.676007728,-0.512758095,0.848473519
0.677126656,-0.548283797,0.871272421
0.667452872,-0.585034978,0.887558033
0.647972742,-0.622381452,0.898458316
0.619827468,-0.659629538,0.905150383
0.584267122,-0.696038357,0.908755998
0.542603759,-0.730837055,0.910242627
0.496165286,-0.763242544,0.910340141
0.446251712,-0.792477369,0.909483903
0.394095236,-0.817787316,0.907792459
0.340825478,-0.838458383,0.905082575
0.287440904,-0.853832786,0.900917699
0.234787245,-0.863323669,0.894680282
0.183543413,-0.866428258,0.885655751
0.134215137,-0.862739203,0.873116622
0.087136201,-0.851953911,0.856398379
0.042476918,-0.8338817,0.83496286
0.000259169,-0.808448666,0.808448708
-0.039622886,-0.779923743,0.780929586
-0.077377532,-0.744002606,0.748015482
-0.113286914,-0.696512908,0.705665753
-0.147676488,-0.642116352,0.658879165
-0.180883939,-0.581383224,0.608872279
-0.213228944,-0.515003098,0.557400012
-0.244985124,-0.443768773,0.506900813
-0.276355405,-0.368557488,0.460659236
-0.307451841,-0.290309976,0.422855196
-0.338280764,-0.210007975,0.398167332
-0.36873387,-0.128650904,0.390532613
-0.398585621,-0.047232388,0.401374383
-0.427497047,0.033282652,0.428790695
-0.455025793,0.111979648,0.468602085
-0.480641963,0.188014145,0.516106593
-0.503749099,0.260629074,0.567177811
-0.523709408,0.329169069,0.618565938
-0.539872172,0.393091429,0.667819462
-0.551604151,0.451973447,0.713124909
-0.558320691,0.505515979,0.753172224
-0.562502749,0.550556703,0.787097215
-0.552198855,0.598592856,0.814393629
-0.538804498,0.638019992,0.835092688
-0.519325497,0.671879424,0.849188396
-0.493916835,0.700322375,0.856974485
-0.46290265,0.723584952,0.858984311
-0.426776613,0.741974766,0.855958428
-0.386195998,0.755856255,0.848802702
-0.341969535,0.76563529,0.83853477
-0.295039338,0.771743628,0.826218154
-0.24645745,0.77462379,0.81288578
-0.197357793,0.774714879,0.799458093
-0.148924421,0.772439814,0.786664954
-0.102357207,0.768194382,0.774983617
-0.058836132,0.76233841,0.764605481
-0.019485453,0.755189289,0.75544063
0.014660993,0.747017945,0.747161799
0.042692105,0.738047283,0.739281007
0.063848295,0.728453007,0.731245779
0.07754572,0.718366626,0.722539928
0.079171509,0.707880377,0.71229401
0.073012663,0.697053738,0.70086715
0.063554698,0.685921102,0.688859171
0.046774362,0.674500216,0.676120095
0.023050958,0.662800902,0.663201616
-0.007067048,0.650833632,0.650871999
-0.042876495,0.638617511,0.640055247
-0.083538187,0.626187298,0.63173504
-0.128099166,0.613599105,0.626827933
-0.175517894,0.60093453,0.626042204
-0.224691597,0.58830302,0.629751345
-0.274484912,0.575842359,0.637915661
-0.323759007,0.563717281,0.650074663
-0.371400296,0.552116252,0.665410051
-0.416347932,0.5412466,0.682856854
-0.457619294,0.531328205,0.701231117
-0.494332772,0.522586038,0.719347661
-0.525727254,0.515241908,0.736113693
-0.55117782,0.509505769,0.750595176
-0.570207304,0.505567,0.762059289
-0.579506979,0.500599526,0.765786017
-0.582072436,0.497887319,0.765963513
-0.581044814,0.500660691,0.766990354
-0.573548408,0.505934557,0.764805565
-0.559815815,0.513639705,0.759749625
-0.540191025,0.523637271,0.752331267
-0.515116987,0.5357225,0.743198565
-0.485121525,0.54963112,0.733101127
-0.450802029,0.565048045,0.722842834
-0.412809316,0.58161801,0.713225799
-0.371831059,0.598957673,0.70498839
-0.328575183,0.616668632,0.698743052
-0.283753547,0.634350806,0.694922313
-0.238066266,0.651615568,0.693742313
-0.192186933,0.668098074,0.695191235
-0.146748995,0.683468249,0.699045146
-0.102333499,0.697439972,0.704907554
-0.059458362,0.709778062,0.712264132
-0.018569321,0.720302808,0.720542125
0.019967346,0.72889186,0.729165303
0.055870257,0.731255892,0.733387118
0.088946463,0.731851421,0.737236716
0.119093068,0.735167547,0.744751288
0.14629694,0.737011432,0.751391141
0.170632516,0.737417462,0.756901558
0.19225776,0.736416969,0.761099861
0.211408326,0.734032213,0.763869603
0.228390012,0.730271367,0.765152447
0.243569605,0.725124781,0.764939279
0.257364259,0.718562757,0.763261946
0.270229552,0.710534961,0.760186781
0.282646415,0.700971547,0.755810892
0.295107149,0.689785982,0.750261908
0.308100779,0.676879475,0.743701495
0.322098015,0.662146829,0.736332503
0.337536144,0.645483482,0.728408933
0.35480417,0.626793425,0.720247178
0.374228575,0.60599764,0.712236032
0.39606005,0.583042679,0.70484206
0.420461587,0.557908975,0.69860602
0.444511793,0.527631961,0.689917546
0.471329914,0.503835293,0.689928902
0.503913017,0.474982107,0.692485618
0.538976446,0.444136361,0.698392953
0.576088645,0.411441551,0.707928158
0.614690518,0.377110246,0.721149479
0.654105437,0.341424575,0.737851383
0.693553225,0.304734085,0.757547978
0.732167819,0.267450992,0.779486849
0.769018194,0.230042908,0.802688434
0.803132021,0.193023274,0.826001833
0.833521417,0.156939773,0.848167463
0.859210085,0.122361089,0.867879143
0.879261057,0.089862463,0.883841201
0.892804232,0.060010498,0.894818784
0.899062875,0.03334775,0.899681125
0.897378272,0.010377593,0.897438275
0.887231756,-0.00845011,0.887271996
0.868263406,-0.02275205,0.868561453
0.840286789,-0.032222802,0.840904392
0.807522823,-0.036644045,0.808353818
0.759753931,-0.029956273,0.760344273
0.703374246,-0.022605251,0.7037374
0.639039373,-0.010491238,0.639125485
0.567587759,0.006182611,0.567621431
0.490021575,0.027138548,0.490772498
0.407482757,0.05203068,0.410791174
0.321224963,0.080452953,0.331146727
0.232582315,0.111948462,0.258122047
0.142935904,0.146019824,0.204334191
0.053679149,0.182140348,0.189885643
-0.033816905,0.219765695,0.222352297
-0.118237223,0.258345728,0.284117152
-0.198354279,0.297336235,0.357425876
-0.273056422,0.336210235,0.433124845
-0.341372222,0.374468568,0.50671659
-0.40249005,0.41164952,0.575720043
-0.455772334,0.44733724,0.638622758
-0.500764099,0.481168768,0.69446963
-0.537195636,0.512839517,0.742686691
-0.561992818,0.545093611,0.782919518
-0.586794993,0.57459288,0.821270566
-0.600187198,0.598074418,0.847300232
-0.605439669,0.61850587,0.865509506
-0.60296299,0.635947727,0.8763526
-0.593273386,0.650532738,0.880435207
-0.576969408,0.662456589,0.87848872
-0.554707481,0.671966756,0.871343624
-0.527177298,0.679349954,0.859902473
-0.495078055,0.684918683,0.845112941
-0.459096408,0.688997382,0.827941365
-0.419887008,0.691908707,0.809347118
-0.37805629,0.693960452,0.790257975
-0.334150071,0.695433586,0.771546591
-0.28864533,0.696571832,0.754008252
-0.241946364,0.697573149,0.738340261
-0.194385292,0.69858341,0.725123729
-0.146226741,0.699692458,0.714808923
-0.097676316,0.70093264,0.707705609
-0.048892311,0.702279827,0.703979697
0.004223565,0.703656812,0.703669487
0.05115884,0.710874007,0.712712482
0.097823115,0.713294671,0.719971283
0.144185613,0.71489617,0.729291454
0.190190309,0.715430419,0.740279027
0.235737161,0.714658974,0.752535354
0.280665512,0.712363908,0.765660151
0.324740561,0.708357603,0.779247667
0.367643663,0.702491095,0.79287805
0.408967059,0.694660652,0.806106368
0.448213481,0.684812355,0.818451761
0.484800842,0.672944516,0.829389039
0.518072034,0.659107881,0.838344697
0.54730963,0.643403602,0.844698778
0.571755068,0.625979118,0.847793438
0.590631708,0.607022097,0.846948429
0.603170959,0.586752717,0.841483188
0.608640548,0.565414583,0.830744827
0.606373859,0.543264683,0.814141126
0.595799217,0.520562751,0.791177784
0.573481444,0.500547015,0.761201866
0.550674186,0.480290586,0.730699053
0.515588233,0.456848841,0.688870154
0.471167156,0.433407332,0.640187788
0.417576953,0.41013975,0.585307719
0.355202616,0.387186244,0.52543514
0.28465135,0.364646315,0.462594127
0.206748617,0.34257314,0.400126663
0.122526875,0.320969638,0.343561266
0.033207183,0.299786509,0.301620073
-0.059825945,0.278922435,0.285266311
-0.155055781,0.258226537,0.301202988
-0.250869856,0.237503122,0.345461166
-0.345600603,0.216518626,0.407823604
-0.437568948,0.195010622,0.479057123
-0.525129498,0.172698629,0.55279816
-0.606715923,0.149296413,0.624814877
-0.680885073,0.124525374,0.692178482
-0.746358413,0.098128577,0.752781574
-0.802059421,0.069884914,0.805098265
-0.842922143,0.039622886,0.843852897
-0.872833133,0.007233449,0.872863105
-0.895942436,-0.027318581,0.896358831
-0.907967472,-0.063985088,0.910219216
-0.909113892,-0.102627611,0.914888242
-0.899849685,-0.143013098,0.911143349
-0.880895739,-0.184812742,0.900073915
-0.853209428,-0.227604125,0.883045846
-0.817961535,-0.270876759,0.861646848
-0.776507017,-0.314041009,0.837606652
-0.730350309,-0.356440277,0.812687668
-0.681106019,-0.397366175,0.788546312
-0.630456023,-0.43607635,0.766575097
-0.580104085,-0.471814468,0.747749719
-0.531729201,-0.503831819,0.73251788
-0.486938947,-0.531409887,0.720767651
-0.447224115,-0.553883214,0.711896076
-0.413915905,-0.570661816,0.704968995
-0.388146913,-0.581252418,0.698936621
-0.370817034,-0.585277791,0.692860279
-0.365551829,-0.579506979,0.685168941
-0.369548065,-0.567001949,0.67679907
-0.379717045,-0.550970215,0.669143641
-0.39883537,-0.528613846,0.662195024
-0.42641258,-0.500265373,0.657337913
-0.461685737,-0.466400432,0.656264492
-0.503634765,-0.4276331,0.660695122
-0.55100484,-0.384707352,0.672016429
-0.602335428,-0.338484686,0.690926806
-0.655995388,-0.289928053,0.717208634
-0.710223397,-0.24008238,0.74970449
-0.763172771,-0.190052068,0.786481066
-0.81295966,-0.140975954,0.825092497
-0.857713417,-0.094000328,0.862848983
-0.895627921,-0.050250686,0.897036512
-0.925012509,-0.010802946,0.925075589
-0.944341186,0.02334507,0.944629699
-0.952298769,0.051301088,0.953679583
-0.947822661,0.072303957,0.950576488
-0.930139049,0.08574656,0.934083038
-0.8987924,0.09541888,0.903843206
-0.853667314,0.096607268,0.859116317
-0.795001935,0.084812786,0.799513155
-0.723392354,0.064463671,0.72625895
-0.639787646,0.035997096,0.640799518
-0.545475439,7.37E-05,0.545475444
-0.442058159,-0.042438428,0.444090572
-0.33142036,-0.090485821,0.34355078
-0.215687789,-0.142857938,0.258707581
-0.097179103,-0.198220071,0.220759994
0.02164865,-0.255150334,0.256067094
0.138259453,-0.312179432,0.341425943
0.25010116,-0.367832024,0.444804438
0.354670117,-0.420668358,0.550229733
0.449575886,-0.469324912,0.649911032
0.532604287,-0.512552751,0.739173626
0.601777063,-0.549252415,0.814747721
0.655406453,-0.578504253,0.874199514
0.692143129,-0.599593289,0.915736984
0.711016064,-0.612027853,0.938148142
0.714449653,-0.612564948,0.94110261
0.699150932,-0.604348173,0.924147575
0.662276135,-0.590748212,0.887464438
0.6075853,-0.569196902,0.832553307
0.536294021,-0.540306081,0.761276519
0.450032556,-0.504861817,0.676324446
0.350806831,-0.463800811,0.581529557
0.240948889,-0.418183226,0.482631927
0.123058137,-0.369162788,0.389132971
-6.50E-05,-0.317955083,0.31795509
-0.125490813,-0.265804986,0.293939169
-0.250236392,-0.213954173,0.329233412
-0.37134217,-0.16360964,0.405787039
-0.485948439,-0.115914092,0.499581787
-0.591368597,-0.071918991,0.595725742
-0.685157386,-0.03256094,0.685930651
-0.765172102,0.001358027,0.765173307
-0.829625077,0.029185825,0.83013829
-0.877125954,0.050431081,0.878574546
-0.906712631,0.064769146,0.909023013
-0.917870087,0.0678198,0.920372219
-0.916471778,0.069995235,0.919140823
-0.892431089,0.065442619,0.89482735
-0.850735062,0.054378067,0.852471184
-0.792564646,0.037140535,0.793434394
-0.719478498,0.014178577,0.719618192
-0.633363281,-0.01396467,0.633517212
-0.536375708,-0.046667803,0.538402065
-0.430878261,-0.083248293,0.438846618
-0.319370669,-0.122979997,0.342230483
-0.204419321,-0.165110624,0.26277134
-0.088586849,-0.208878759,0.226887562
0.025635993,-0.253530115,0.254822925
0.135894086,-0.298332721,0.327825587
0.240025523,-0.342590822,0.418306972
0.336111379,-0.385657284,0.511568568
0.422516394,-0.426944392,0.600667643
0.497919581,-0.46593294,0.681921853
0.561334164,-0.502179563,0.753180163
0.612116602,-0.535322292,0.813176912
0.652951339,-0.56209784,0.861568008
0.672312121,-0.5938703,0.897042653
0.682194389,-0.618877608,0.921085597
0.680327535,-0.639988162,0.934039829
0.667660841,-0.6571752,0.93682989
0.645331064,-0.670502592,0.93060513
0.614613128,-0.680122345,0.916687351
0.576869271,-0.686270299,0.89651831
0.533498495,-0.689260021,0.871607721
0.485888073,-0.689474888,0.843482568
0.435368785,-0.687358441,0.813638498
0.383175286,-0.683403053,0.783494118
0.33041285,-0.678137071,0.754349083
0.278031394,-0.672110578,0.727347293
0.226807426,-0.665880013,0.703447084
0.177334211,-0.659991921,0.683400876
0.130020155,-0.654966152,0.667746884
0.085095073,-0.651278904,0.656814572
0.042623717,-0.649346013,0.650743441
0.002525698,-0.649506969,0.649511879
-0.03539932,-0.647786555,0.64875306
-0.077377532,-0.654733058,0.659289511
-0.113286914,-0.664357551,0.673947239
-0.147676488,-0.676471146,0.692402741
-0.180883939,-0.69074866,0.714039712
-0.213228944,-0.706731438,0.738197743
-0.244985124,-0.723834334,0.764168734
-0.276355405,-0.741356866,0.79119044
-0.307451841,-0.758498418,0.818441497
-0.338280764,-0.774377229,0.845040809
-0.36873387,-0.788052803,0.870052807
-0.398585621,-0.798551212,0.89249904
-0.427497047,-0.804892694,0.911375869
-0.455025793,-0.806120804,0.92567771
-0.480641963,-0.801332334,0.934425067
-0.503749099,-0.789707125,0.936696588
-0.523709408,-0.770536889,0.931664447
-0.539872172,-0.743252124,0.918632506
-0.551604151,-0.707446257,0.897077112
-0.558320691,-0.66289618,0.866691029
-0.562502749,-0.606591925,0.827262417
-0.552198855,-0.55027449,0.779567566
-0.538804498,-0.48268764,0.723393147
-0.519325497,-0.407335623,0.660016122
-0.493916835,-0.324954207,0.591226755
-0.46290265,-0.236488581,0.519813152
-0.426776613,-0.143078557,0.450121929
-0.386195998,-0.046037836,0.388930368
-0.341969535,0.053172202,0.346078671
-0.295039338,0.152973556,0.332338862
-0.24645745,0.251706701,0.352274805
-0.197357793,0.347668811,0.399779565
-0.148924421,0.439154052,0.463718411
-0.102357207,0.524494812,0.53438919
-0.058836132,0.602102724,0.604970562
-0.019485453,0.670508278,0.670791349
0.014660993,0.728397896,0.728545427
0.042692105,0.774647367,0.775822892
0.063848295,0.808350678,0.810868314
0.07754572,0.828843369,0.832463013
0.08761864,0.835719738,0.840300247
0.07754572,0.828843369,0.832463013
0.063848295,0.808350678,0.810868314
0.042692105,0.774647367,0.775822892
0.014660993,0.728397896,0.728545427
-0.019485453,0.670508278,0.670791349
-0.058836132,0.602102724,0.604970562
-0.102357207,0.524494812,0.53438919
-0.148924421,0.439154052,0.463718411
-0.197357793,0.347668811,0.399779565
-0.24645745,0.251706701,0.352274805
-0.295039338,0.152973556,0.332338862
-0.341969535,0.053172202,0.346078671
-0.386195998,-0.046037836,0.388930368
-0.426776613,-0.143078557,0.450121929
-0.46290265,-0.236488581,0.519813152
-0.493916835,-0.324954207,0.591226755
-0.519325497,-0.407335623,0.660016122
-0.538804498,-0.48268764,0.723393147
-0.552198855,-0.55027449,0.779567566
-0.556529726,-0.612564948,0.827623798
-0.555115336,-0.666101536,0.867089553
-0.551396546,-0.707653861,0.897113225
-0.542758764,-0.740365532,0.918002286
-0.529642009,-0.764604288,0.930129225
-0.512530237,-0.780925987,0.934094557
-0.491927131,-0.790047166,0.93068084
-0.46833285,-0.792813747,0.920809044
-0.442222726,-0.790167014,0.905497018
-0.414028761,-0.783108072,0.885820561
-0.384124653,-0.77266202,0.862877944
-0.352814938,-0.759843056,0.837758825
-0.320328629,-0.74562163,0.811518358
-0.286817546,-0.730894725,0.78515693
-0.252359315,-0.716460143,0.759605398
-0.216964841,-0.702995541,0.73571494
-0.180589827,-0.691042773,0.714249816
-0.143149762,-0.680997872,0.695880705
-0.104537654,-0.673106811,0.681176115
-0.064643636,-0.667466955,0.67058999
-0.023375514,-0.659810361,0.660224301
0.019320717,-0.666301988,0.66658205
0.063441409,-0.670163705,0.673159865
0.108907767,-0.675091598,0.683819835
0.15555124,-0.680497237,0.698049194
0.203102544,-0.685760254,0.715204704
0.251184949,-0.690257536,0.734540226
0.29931229,-0.693391473,0.755234786
0.346891961,-0.694616182,0.776418491
0.393232958,-0.693460724,0.797195042
0.437558829,-0.689548485,0.816660787
0.479025191,-0.682612006,0.83392103
0.51674127,-0.672502796,0.848104682
0.549794762,-0.65919579,0.858378337
0.577279169,-0.642788386,0.863960732
0.598322641,-0.623494169,0.864138277
0.612117292,-0.601631651,0.858282135
0.6179479,-0.577608527,0.845867139
0.615218937,-0.551902156,0.826492789
0.603478898,-0.525037076,0.79990669
0.585427491,-0.494573992,0.766373786
0.549405216,-0.472610905,0.724711776
0.507158365,-0.448003763,0.676695632
0.456086621,-0.42409998,0.622796756
0.396765418,-0.401193417,0.564250791
0.329949405,-0.37949531,0.502875035
0.256556914,-0.359122214,0.441350445
0.177649372,-0.340088008,0.383691481
0.09440628,-0.322300402,0.335842366
0.008096552,-0.30556216,0.30566941
-0.079952858,-0.289577087,0.300411966
-0.168390027,-0.273960639,0.321573682
-0.25587173,-0.258254823,0.363546278
-0.341096614,-0.241946897,0.41819278
-0.422836766,-0.224491185,0.478735024
-0.499966675,-0.205333247,0.540489054
-0.571488629,-0.183935482,0.600359488
-0.636553775,-0.15980322,0.656306162
-0.694478188,-0.132510283,0.707007022
-0.744753506,-0.101723037,0.751668385
-0.787051886,-0.071445531,0.790288008
-0.821225241,-0.025251302,0.821613367
-0.847298914,0.020310444,0.847542308
-0.865460191,0.069103195,0.868214601
-0.876042169,0.120618058,0.884306846
-0.879503745,0.174203823,0.896590101
-0.876406528,0.229078577,0.905850648
-0.867389671,0.28434616,0.912807527
-0.853143602,0.339017048,0.918034076
-0.834383695,0.39203303,0.921892644
-0.811824904,0.442294959,0.924491485
-0.786158289,0.488692681,0.92567024
-0.758030308,0.530136186,0.92501585
-0.728025586,0.56558695,0.921905554
-0.696653736,0.594088437,0.915569494
-0.664340618,0.614794713,0.905163519
-0.631424225,0.626996226,0.889843143
-0.598155202,0.630141843,0.868831622
-0.564701808,0.62385641,0.841477838
-0.531158913,0.607953223,0.807302244
-0.494573992,0.579454467,0.761820788
-0.466489069,0.541725535,0.714897619
-0.435204111,0.498313287,0.661603166
-0.403553305,0.446779269,0.602052311
-0.371400843,0.387819085,0.536975073
-0.338648862,0.322258472,0.467475747
-0.305256863,0.251032814,0.395220478
-0.271258212,0.17516424,0.322898635
-0.23677289,0.095737044,0.255395738
-0.202015877,0.013872203,0.202491611
-0.167300668,-0.069298206,0.181084938
-0.133037668,-0.152655925,0.202491611
-0.099727404,-0.235120029,0.255395738
-0.067948699,-0.315668343,0.322898635
-0.038342193,-0.393356203,0.395220478
-0.011589756,-0.467332057,0.467475747
0.01160945,-0.536849559,0.536975073
0.030565373,-0.60127593,0.602052311
0.044624926,-0.660096482,0.661603166
0.053200216,-0.712915383,0.714897619
0.051572429,-0.759452807,0.761201866
0.049768721,-0.805473916,0.80701001
0.041535022,-0.840437576,0.841463295
0.026700228,-0.86853717,0.868947477
0.005258897,-0.889837634,0.889853174
-0.022615841,-0.904485267,0.904767967
-0.056564982,-0.912692543,0.914443697
-0.096042441,-0.914722196,0.919750426
-0.140320224,-0.910871263,0.921616093
-0.18850005,-0.901455766,0.920953184
-0.239531277,-0.88679666,0.918576915
-0.29223473,-0.867207583,0.915123013
-0.345331844,-0.84298488,0.910976174
-0.397478319,-0.814400217,0.906221125
-0.447301303,-0.781696014,0.900625957
-0.493439001,-0.745083767,0.893662054
-0.534581449,-0.704745206,0.884558156
-0.569511189,-0.660836108,0.872380281
-0.597142477,-0.613492461,0.856126239
-0.616557753,-0.56283857,0.834823765
-0.624053574,-0.506010107,0.803423358
-0.622301048,-0.454691205,0.770715697
-0.614209818,-0.397371317,0.731544711
-0.596785667,-0.337113551,0.685418615
-0.570271918,-0.274041458,0.632699598
-0.535164283,-0.208337295,0.574286721
-0.492205007,-0.140251505,0.511797083
-0.442369752,-0.070109437,0.44789098
-0.386847355,0.001685101,0.386851025
-0.32701285,0.074649696,0.335425076
-0.26439432,0.148226714,0.303109741
-0.200634368,0.221790202,0.299073642
-0.137447185,0.29465612,0.32513683
-0.076572322,0.366095612,0.374017804
-0.019726428,0.435350887,0.435797575
0.031445703,0.50165317,0.502637777
0.075419373,0.564242103,0.569260251
0.110836097,0.622385915,0.632177876
0.136546212,0.675401618,0.68906619
0.151646656,0.72267453,0.738413965
0.159736268,0.763676372,0.780203356
0.144154037,0.797981298,0.810897366
0.121387876,0.825279239,0.834158761
0.087684983,0.845386056,0.849921314
0.043831847,0.858250108,0.859368652
-0.009084612,0.863954952,0.864002714
-0.06970093,0.862718041,0.865529109
-0.136409101,0.854885417,0.865700017
-0.207395904,0.840922544,0.86611996
-0.280688594,0.82140154,0.868036045
-0.354205755,0.796985224,0.872150884
-0.425811961,0.768408472,0.878502934
-0.493374764,0.736457471,0.886446989
-0.554822405,0.701947563,0.894739226
-0.608200656,0.665700365,0.901701178
-0.651727138,0.628520912,0.905420786
-0.683841576,0.591175548,0.903951232
-0.703250507,0.554371267,0.895482428
-0.708965128,0.518737151,0.87847583
-0.700331153,0.484808464,0.851764622
-0.680036285,0.450027396,0.815459384
-0.644988501,0.426260457,0.773115867
-0.592474688,0.402039106,0.716003979
-0.526308694,0.380316046,0.649338999
-0.447678168,0.36094474,0.575062472
-0.358100692,0.343675604,0.496335598
-0.259383966,0.328168843,0.41829993
-0.153577771,0.314009985,0.349554577
-0.042919178,0.300727565,0.303774792
0.070227308,0.287812343,0.296256341
0.183432845,0.274737407,0.330345655
0.294268636,0.260978483,0.393324038
0.400369662,0.246033765,0.469923909
0.499495814,0.229442643,0.549672625
0.589588603,0.210802698,0.626140958
0.668821783,0.189784454,0.695227097
0.735644421,0.166143421,0.754172627
0.788815228,0.139729086,0.801095301
0.827427248,0.110490607,0.83477184
0.850922345,0.078479094,0.854533677
0.859095252,0.039622886,0.860008503
0.852087311,-0.001360731,0.852088398
0.830370353,-0.039680611,0.831317914
0.794721501,-0.079188799,0.798657079
0.746189957,-0.11947462,0.755694142
0.686057071,-0.160098924,0.704489865
0.615791211,-0.200604819,0.647642732
0.536999066,-0.240528142,0.588406139
0.45137511,-0.279407402,0.5308559
0.360650967,-0.316792955,0.480028016
0.266546381,-0.352255249,0.441736045
0.170723374,-0.385392008,0.42151331
0.07474504,-0.415834276,0.422498481
-0.019959814,-0.443251314,0.443700486
-0.112125186,-0.467354347,0.48061642
-0.200668874,-0.487899246,0.527554425
-0.28470553,-0.504688204,0.579454417
-0.363551688,-0.51757053,0.632494335
-0.436722982,-0.526442683,0.684009402
-0.503924041,-0.531247662,0.732231874
-0.562045329,-0.528987359,0.771830667
-0.622667569,-0.531247662,0.818498002
-0.674281252,-0.526442683,0.855451404
-0.720014864,-0.51757053,0.886735957
-0.760080786,-0.504688204,0.912377654
-0.794733867,-0.487899246,0.932548977
-0.824244313,-0.467354347,0.947522439
-0.848872577,-0.443251314,0.957630607
-0.868847368,-0.415834276,0.963230966
-0.884347678,-0.385392008,0.964674979
-0.895489543,-0.352255249,0.96228129
-0.902318044,-0.316792955,0.956313562
-0.90480478,-0.279407402,0.946963667
-0.90285081,-0.240528142,0.934341144
-0.896294839,-0.200604819,0.918469777
-0.884926137,-0.160098924,0.899291906
-0.868501532,-0.11947462,0.876680726
-0.846765604,-0.079188799,0.850460378
-0.819473085,-0.039680611,0.820433232
-0.786412368,-0.001360731,0.786413545
-0.747429001,0.031175755,0.748078899
-0.702448015,0.073946037,0.706329406
-0.651494021,0.11019701,0.660747941
-0.594708075,0.143811343,0.611849162
-0.532360465,0.174533385,0.560240633
-0.464858752,0.202202859,0.506931608
-0.392750575,0.226762335,0.453513143
-0.316720974,0.248261663,0.402425184
-0.237584189,0.266859021,0.357295374
-0.156270149,0.282818382,0.323120097
-0.073806061,0.296503261,0.305551172
0.008706275,0.308366768,0.308489648
0.090116628,0.318938093,0.331424975
0.169255035,0.328805686,0.369811366
0.244961987,0.338597523,0.417917046
0.316119012,0.34895896,0.470854102
0.381678515,0.360528802,0.525032862
0.440691799,0.373914288,0.577945635
0.492334231,0.389665784,0.627879302
0.535926666,0.408252007,0.673711431
0.573938864,0.427050143,0.715386361
0.594474674,0.457851364,0.750351924
0.609032276,0.489088883,0.781107066
0.614747021,0.523581624,0.807497131
0.611909323,0.561001742,0.830154187
0.60096432,0.600860124,0.849818217
0.582493509,0.642510509,0.867247625
0.557192613,0.685158888,0.883123043
0.525846534,0.727878168,0.897953899
0.489302404,0.769627917,0.911999985
0.448441755,0.809278818,0.925220089
0.404152907,0.845641294,0.937255979
0.357304589,0.877497626,0.947453773
0.3087218,0.903636697,0.954918022
0.259164767,0.922890423,0.958589124
0.209311746,0.934170798,0.957333007
0.159746222,0.936506436,0.950033242
0.110948896,0.929077457,0.935678672
0.06329461,0.911247572,0.913443127
0.017054189,0.88259228,0.882757032
-0.031822645,0.842922143,0.843522626
-0.066910164,0.792300275,0.795120554
-0.104684453,0.731053277,0.73851048
-0.141108633,0.659775088,0.674696089
-0.176394844,0.579323379,0.605582958
-0.210755639,0.490808385,0.534144934
-0.244379496,0.395574264,0.46497348
-0.277408036,0.295173334,0.405071001
-0.309916001,0.191333764,0.364220452
-0.341894988,0.085921504,0.352526152
-0.373241726,-0.019102563,0.373730242
-0.403751549,-0.121729081,0.421702836
-0.433117462,-0.21994902,0.485765692
-0.460934999,-0.31180342,0.556491191
-0.486712791,-0.395432659,0.627101529
-0.509888559,-0.469123792,0.692866131
-0.529849978,-0.53135458,0.750385693
-0.545959643,-0.580832875,0.797144127
-0.557583207,-0.616530203,0.831269225
-0.564119561,-0.637708516,0.851412373
-0.568018352,-0.640952781,0.856425897
-0.565677405,-0.637708516,0.852445351
-0.553628632,-0.616530203,0.82862184
-0.534720319,-0.580832875,0.789488852
-0.509003738,-0.53135458,0.735814171
-0.476733044,-0.469123792,0.668843426
-0.43837154,-0.395432659,0.59036988
-0.394590335,-0.31180342,0.502914411
-0.346259187,-0.21994902,0.410210916
-0.294429615,-0.121729081,0.318601267
-0.240310654,-0.019102563,0.2410687
-0.185237916,0.085921504,0.204194981
-0.13063688,0.191333764,0.231677802
-0.077981567,0.295173334,0.305300544
-0.028749941,0.395574264,0.396617647
0.01562247,0.490808385,0.491056955
0.053789157,0.579323379,0.581815135
0.084537805,0.659775088,0.665169006
0.106832462,0.731053277,0.738818021
0.119851211,0.792300275,0.801313945
0.118794395,0.842922143,0.851251929
0.107825536,0.88259228,0.889154361
0.091380527,0.911247572,0.915817961
0.065468948,0.929077457,0.931381288
0.030591595,0.936506436,0.93700595
-0.01248944,0.934170798,0.934254283
-0.062764806,0.922890423,0.925022245
-0.118999327,0.903636697,0.911438489
-0.179760344,0.877497626,0.895720863
-0.243452243,0.845641294,0.87998761
-0.308356235,0.809278818,0.86603451
-0.3726743,0.769627917,0.85511009
-0.434576067,0.727878168,0.847739928
-0.492247287,0.685158888,0.843652828
-0.543938509,0.642510509,0.841836597
-0.588012543,0.600860124,0.84070901
-0.622989333,0.561001742,0.838354736
-0.647586916,0.523581624,0.832770395
-0.660757263,0.489088883,0.822075481
-0.661715959,0.457851364,0.804671289
-0.652951339,0.427050143,0.780203356
-0.622712764,0.408252007,0.744607876
-0.58277129,0.389665784,0.701043365
-0.5306602,0.373914288,0.649162647
-0.467187901,0.360528802,0.590123336
-0.3934299,0.34895896,0.525889192
-0.310700141,0.338597523,0.459546364
-0.22051607,0.328805686,0.395904681
-0.12455842,0.318938093,0.342397878
-0.024626924,0.308366768,0.309348588
0.077406772,0.296503261,0.306440846
0.179647626,0.282818382,0.335051499
0.280225755,0.266859021,0.386962803
0.37734364,0.248261663,0.451688029
0.469320661,0.226762335,0.521232232
0.554633728,0.202202859,0.590342755
0.631952895,0.174533385,0.655611443
0.700171041,0.143811343,0.714787513
0.758426846,0.11019701,0.766390671
0.806120544,0.073946037,0.809505002
0.842922143,0.031175755,0.843498469
0.86877201,-0.001360731,0.868773076
0.883874004,-0.039680611,0.884764265
0.888681503,-0.079188799,0.892202712
0.88387692,-0.11947462,0.891915127
0.870345456,-0.160098924,0.884947952
0.849144026,-0.200604819,0.87251812
0.821466391,-0.240528142,0.855956085
0.788605636,-0.279407402,0.836640511
0.751915172,-0.316792955,0.815925366
0.712769483,-0.352255249,0.795062323
0.67252576,-0.385392008,0.77512444
0.632487568,-0.415834276,0.756940334
0.593871538,-0.443251314,0.741050019
0.557777992,-0.467354347,0.7276925
0.525166231,-0.487899246,0.716829997
0.496835063,-0.504688204,0.708205664
0.473408949,-0.51757053,0.701423756
0.45532997,-0.526442683,0.696036838
0.442855613,-0.531247662,0.691625023
0.433075678,-0.534960383,0.688285663
0.429054096,-0.534453017,0.68536665
0.433685239,-0.526650288,0.682234133
0.443554921,-0.514683938,0.679441332
0.458096156,-0.498755603,0.67720694
0.476628849,-0.479118108,0.675817446
0.498388541,-0.45606918,0.675566602
0.52255661,-0.429944257,0.676695999
0.54829082,-0.401108597,0.679345958
0.574755128,-0.369948867,0.683524412
0.601147716,-0.336864467,0.689098139
0.626726303,-0.302258781,0.695806173
0.650829917,-0.266530614,0.703290942
0.672896464,-0.230066002,0.711139942
0.692475597,-0.193230628,0.718930127
0.709236582,-0.156363027,0.726268494
0.722971057,-0.119768732,0.732824466
0.733590756,-0.083715525,0.738352007
0.7411205,-0.048429871,0.742701184
0.74568688,-0.014094628,0.745820073
0.747503263,0.023375514,0.747868667
0.746851847,0.059417546,0.749211669
0.744063605,0.089526116,0.749430167
0.73949703,0.11795752,0.748845667
0.733516592,0.144807318,0.747673559
0.726471869,0.170225324,0.746148804
0.718678204,0.194404994,0.744507665
0.710399716,0.217571257,0.742970396
0.701835365,0.239967282,0.741725809
0.693108634,0.261840761,0.740918459
0.684261252,0.283430291,0.740639042
0.675251193,0.304952437,0.740918459
0.665955038,0.326590053,0.741725809
0.656174568,0.348482345,0.742970396
0.645647321,0.370717142,0.744507665
0.634060666,0.393325704,0.746148804
0.621068793,0.41628032,0.747673559
0.606311927,0.439494802,0.748845667
0.589436945,0.462827897,0.749430167
0.570118555,0.486089455,0.749211669
0.551066634,0.512035641,0.752233297
0.520519198,0.537246656,0.748046927
0.490013846,0.558296421,0.742838114
0.456644591,0.577922814,0.736558933
0.420595854,0.595907019,0.729387447
0.382159502,0.612071353,0.721579674
0.341734335,0.626288878,0.713456456
0.299821367,0.638490883,0.705381783
0.257014964,0.648671853,0.697733376
0.213990044,0.656891653,0.690867847
0.171485695,0.663274775,0.685084499
0.130285722,0.668006601,0.680593262
0.09119676,0.671326766,0.677492787
0.055024682,0.673519823,0.675763766
0.022550117,0.674903527,0.675280148
-0.005496069,0.675815154,0.675837502
-0.028456458,0.676596367,0.677194517
-0.045769084,0.677577195,0.679121245
-0.056986957,0.679059764,0.681446752
-0.061794396,0.681302413,0.684099061
-0.06001956,0.680281297,0.682923855
-0.045707597,0.686528503,0.688048377
-0.02946659,0.694071302,0.694696518
-0.007414259,0.702769438,0.702808547
0.019978076,0.712378875,0.712658955
0.052120071,0.722554671,0.724432022
0.088316695,0.732857847,0.738160188
0.127785478,0.742766111,0.753678064
0.169676123,0.751688113,0.770600419
0.213091895,0.758980777,0.788327328
0.257112103,0.763969137,0.806074113
0.300814988,0.765967977,0.822919558
0.343300299,0.764304526,0.837864251
0.383710866,0.758341387,0.849891574
0.421252512,0.747498867,0.858025777
0.455211717,0.731275886,0.861383845
0.484970501,0.709268708,0.859219697
0.510018145,0.681186775,0.850960593
0.52995942,0.64686507,0.836236454
0.544519174,0.606272537,0.814903381
0.550556703,0.562502749,0.787097215
0.559589661,0.504247009,0.753263324
0.560034019,0.443543579,0.714401154
0.554952707,0.378010894,0.671464625
0.544520943,0.308357534,0.625769467
0.52900231,0.235375863,0.579003662
0.508736399,0.159919709,0.533279511
0.484125038,0.082880404,0.491168213
0.455617642,0.005162057,0.455646884
0.423696251,-0.072343019,0.429827902
0.388860783,-0.148777817,0.41635027
0.35161501,-0.22334222,0.416551152
0.312453716,-0.295311851,0.429926056
0.271851416,-0.364053499,0.454354644
0.230252943,-0.429036591,0.486917666
0.188066121,-0.489840274,0.524702163
0.145656645,-0.54615593,0.565245219
0.10334519,-0.597785054,0.606652454
0.061406689,-0.644632683,0.64755083
0.020071617,-0.686696691,0.686989967
-0.020470936,-0.728277052,0.728564701
-0.05413359,-0.759107303,0.761035047
-0.091267239,-0.785384977,0.79067014
-0.127602354,-0.807405501,0.817426452
-0.163091878,-0.825472498,0.84142962
-0.197680152,-0.839873114,0.862823441
-0.231296638,-0.850854639,0.881732245
-0.263851151,-0.85860352,0.898230168
-0.295230783,-0.863227823,0.912317647
-0.325298608,-0.864744044,0.92390554
-0.35389419,-0.863069037,0.932807193
-0.380835803,-0.858017601,0.938738575
-0.40592421,-0.849306076,0.941326338
-0.428947771,-0.836562007,0.940123493
-0.449688592,-0.819339733,0.934632242
-0.467929393,-0.797141445,0.924333489
-0.483460731,-0.769443057,0.908722673
-0.496088237,-0.735723973,0.887351849
-0.505639493,-0.695499651,0.859878516
-0.511970243,-0.648355699,0.826122655
-0.51198313,-0.590995605,0.78192233
-0.508764887,-0.526406816,0.732083224
-0.505431889,-0.457733777,0.681895596
-0.498974829,-0.382147389,0.628500204
-0.489393332,-0.300000402,0.574026197
-0.476710531,-0.21185759,0.521667105
-0.46097376,-0.118505773,0.47596263
-0.442254827,-0.0209563,0.442751057
-0.420649889,0.079560652,0.428107728
-0.396278944,0.181610309,0.435912039
-0.369284973,0.283576104,0.465603692
-0.339832782,0.383690794,0.512547505
-0.308107571,0.480075279,0.570440662
-0.274313292,0.570784216,0.633279088
-0.238670828,0.65385722,0.696055334
-0.201416049,0.727374196,0.75474608
-0.162797766,0.789513103,0.806122852
-0.123075628,0.83860833,0.847591612
-0.082517979,0.873207721,0.877098022
-0.041399693,0.892126273,0.893086346
0.004223565,0.894494572,0.894504544
0.043666222,0.885735217,0.886810923
0.082664778,0.855253077,0.859238786
0.121034499,0.807509814,0.816530128
0.158602783,0.743185059,0.759920308
0.195206847,0.663399391,0.691523293
0.23069101,0.569700292,0.614635473
0.264903782,0.464034675,0.534324053
0.297694943,0.348708484,0.458497422
0.328912832,0.226334287,0.399262897
0.358402046,0.099768206,0.372029194
0.386001731,-0.02796208,0.387013196
0.411544625,-0.153736239,0.439321988
0.434856976,-0.274424762,0.514207682
0.455759419,-0.386974543,0.597884558
0.474068853,-0.488493941,0.680711104
0.489601301,-0.576334729,0.75622163
0.502175708,-0.648168356,0.819940643
0.511618549,-0.702054131,0.868696462
0.517769112,-0.736497156,0.900284907
0.523471756,-0.753480646,0.917472487
0.525448793,-0.740971482,0.908369512
0.520463627,-0.710691604,0.880888724
0.511483059,-0.660362299,0.835280364
0.498547634,-0.591213663,0.77335848
0.481759786,-0.504966013,0.697913437
0.46128352,-0.403783811,0.613044739
0.437342108,-0.290216951,0.524875221
0.410213861,-0.167131154,0.442953987
0.38022608,-0.03762957,0.382083573
0.347747393,0.095032076,0.360498745
0.313178731,0.227534214,0.387108171
0.276943242,0.356583398,0.45149671
0.239475511,0.479000805,0.535528049
0.201210447,0.591806664,0.625076613
0.162572229,0.692298112,0.711130371
0.123963714,0.778118241,0.787930834
0.085756653,0.847314386,0.851643043
0.048283072,0.898384043,0.899680578
0.011828099,0.930307236,0.930382426
-0.023375514,0.946788154,0.947076672
-0.057151018,0.931472203,0.933223823
-0.089379318,0.901327148,0.905747917
-0.119998648,0.85322066,0.861617763
-0.149002301,0.788663776,0.802615872
-0.176434526,0.709533399,0.731140743
-0.202384813,0.618009272,0.650303831
-0.226980767,0.516504057,0.564177906
-0.25037991,0.407588845,0.478350046
-0.272760711,0.293916546,0.400980475
-0.294313218,0.178145612,0.344029256
-0.31522965,0.062866496,0.321437286
-0.335695318,-0.049466936,0.339320385
-0.355880196,-0.156598993,0.388810955
-0.375931482,-0.256525031,0.455114898
-0.395967382,-0.347534195,0.5268493
-0.416072351,-0.428241025,0.597081717
-0.436293924,-0.497605294,0.661788045
-0.456641236,-0.554939899,0.718665089
-0.477085231,-0.599907022,0.766484672
-0.500547015,-0.629516666,0.804262735
-0.523768106,-0.655628216,0.839155163
-0.543472288,-0.66716265,0.860504578
-0.562527992,-0.667819305,0.87316686
-0.580820116,-0.658506539,0.878056302
-0.598240959,-0.640281808,0.87627224
-0.61469395,-0.614303367,0.869032381
-0.630096545,-0.58178199,0.857608267
-0.644382201,-0.543934523,0.843263414
-0.657501376,-0.501940937,0.827195722
-0.669421572,-0.456906364,0.810486685
-0.680126479,-0.409829337,0.794060522
-0.689614307,-0.361577179,0.778656503
-0.697895462,-0.312869175,0.7648171
-0.704989717,-0.264267808,0.752893071
-0.710923077,-0.216178031,0.743064306
-0.715724531,-0.168854207,0.735372931
-0.719422896,-0.122414047,0.729763319
-0.72204393,-0.076858624,0.726123051
-0.723607904,-0.032097292,0.724319429
-0.728351314,0.012023806,0.728450553
-0.725874433,0.061626208,0.728485746
-0.722190729,0.106425576,0.72999031
-0.717381767,0.150753467,0.733050617
-0.711529549,0.194679404,0.737681754
-0.704713875,0.238210467,0.743885658
-0.697009899,0.28127114,0.751622414
-0.688485953,0.32368793,0.760780378
-0.679201679,0.365179502,0.771149136
-0.669206529,0.405352835,0.782399067
-0.658538645,0.443705625,0.794070418
-0.647224163,0.479634914,0.805573565
-0.635276937,0.512451619,0.816200618
-0.622698694,0.541400424,0.82514731
-0.60947961,0.565684241,0.831543177
-0.595599281,0.584492248,0.834487682
-0.581028085,0.597030389,0.833089984
-0.56572887,0.602553078,0.826510355
-0.549658948,0.600394803,0.814001768
-0.532772331,0.590000348,0.794950796
-0.518008665,0.573938864,0.773135691
-0.493769136,0.540400991,0.732011742
-0.471672975,0.500971704,0.688075609
-0.448802154,0.452885742,0.637596164
-0.425226653,0.39655745,0.581442617
-0.401016638,0.332591084,0.520990569
-0.376241242,0.261771255,0.458346662
-0.350967477,0.185047223,0.396762706
-0.325259289,0.103511544,0.341333041
-0.299176787,0.018373765,0.299740463
-0.272775638,-0.069069931,0.281384442
-0.24610666,-0.157470077,0.29217343
-0.219215581,-0.245459103,0.329098225
-0.192142986,-0.331687104,0.383321356
-0.164924431,-0.414856948,0.446437403
-0.137590706,-0.493757472,0.512569648
-0.110168249,-0.567293647,0.577891966
-0.082679674,-0.634512647,0.639876728
-0.055144411,-0.694624987,0.696810432
-0.027579424,-0.747020034,0.747528967
0.004223565,-0.791275452,0.791286724
0.029845952,-0.821225241,0.82176741
0.055291209,-0.847298914,0.849101035
0.080638546,-0.865460191,0.869208788
0.105973267,-0.876042169,0.88242859
0.131381504,-0.879503745,0.88926258
0.156944613,-0.876406528,0.890348254
0.182733477,-0.867389671,0.886428996
0.208802953,-0.853143602,0.878323789
0.23518671,-0.834383695,0.866896153
0.261892711,-0.811824904,0.853022548
0.288899574,-0.786158289,0.837560636
0.316154025,-0.758030308,0.821318035
0.343569626,-0.728025586,0.805022572
0.371026902,-0.696653736,0.789295503
0.39837496,-0.664340618,0.774629632
0.425434622,-0.631424225,0.761374526
0.452003032,-0.598155202,0.749730877
0.477859636,-0.564701808,0.739755341
0.502773361,-0.531158913,0.731375993
0.529497291,-0.500547015,0.728638933
0.546250881,-0.469694424,0.720418543
0.564483082,-0.435411716,0.712898669
0.581123692,-0.400666713,0.705860157
0.596114988,-0.365468243,0.699228229
0.609429675,-0.329867723,0.692977087
0.621074537,-0.293971696,0.687133858
0.631093032,-0.257951156,0.681775046
0.639566588,-0.222047211,0.677015794
0.64661444,-0.186572737,0.672993031
0.652391848,-0.151909885,0.669844562
0.657086652,-0.118503494,0.667687012
0.660914138,-0.086850615,0.666596225
0.664110313,-0.057486558,0.666593738
0.666923708,-0.030968002,0.667642307
0.669605952,-0.007853859,0.66965201
0.672401385,0.011315338,0.672496587
0.675536067,0.026038647,0.676037713
0.679206562,0.035875667,0.680153378
0.683568942,0.040466319,0.684765669
0.692951993,0.039548623,0.694079649
0.69106156,0.032973701,0.691847776
0.694364899,0.02071733,0.694673896
0.69868718,0.002887533,0.698693147
0.703988911,-0.020272188,0.704280732
0.710136267,-0.048384174,0.711782653
0.71689821,-0.080942505,0.721453209
0.723947092,-0.117323337,0.733392226
0.730862857,-0.156799335,0.74749351
0.737140878,-0.198557721,0.763414595
0.742203284,-0.24172132,0.78057345
0.745413551,-0.285371848,0.798171945
0.746093997,-0.32857462,0.815240783
0.743545686,-0.370403809,0.830698001
0.737070186,-0.409967345,0.843413115
0.72599253,-0.446430578,0.85227074
0.709684646,-0.479037901,0.85622988
0.687588533,-0.507131553,0.854377202
0.659238392,-0.530167025,0.845974191
0.624280986,-0.547724529,0.830499193
0.585480002,-0.556529726,0.807782253
0.531204109,-0.559589661,0.771568788
0.473191846,-0.560034019,0.733177077
0.408800537,-0.554952707,0.689268008
0.33853134,-0.544520943,0.641175893
0.263036651,-0.52900231,0.590789068
0.183109565,-0.508736399,0.540686449
0.099669079,-0.484125038,0.494278239
0.013741359,-0.455617642,0.455824814
-0.073562464,-0.423696251,0.430034823
-0.16107141,-0.388860783,0.420899878
-0.247581975,-0.35161501,0.430034823
-0.331886933,-0.312453716,0.455824814
-0.412804779,-0.271851416,0.494278239
-0.489208973,-0.230252943,0.540686449
-0.56005612,-0.188066121,0.590789068
-0.624412258,-0.145656645,0.641175893
-0.681476455,-0.10334519,0.689268008
-0.730601016,-0.061406689,0.733177077
-0.771307672,-0.020071617,0.771568788
-0.803299257,0.020470936,0.803560051
-0.826466519,0.05413359,0.828237498
-0.840889837,0.091267239,0.845828249
-0.846835803,0.127602354,0.856395491
-0.844748756,0.163091878,0.86034843
-0.835237533,0.197680152,0.858311819
-0.819057835,0.231296638,0.851089814
-0.797090752,0.263851151,0.839625569
-0.770318095,0.295230783,0.824955261
-0.739795295,0.325298608,0.808156088
-0.706622686,0.35389419,0.79028901
-0.671916038,0.380835803,0.772338702
-0.636777219,0.40592421,0.755155409
-0.602265876,0.428947771,0.73940542
-0.56937292,0.449688592,0.725537974
-0.538996625,0.467929393,0.71377537
-0.511921966,0.483460731,0.704129518
-0.48880377,0.496088237,0.696442866
-0.470154104,0.505639493,0.690446362
-0.456334163,0.511970243,0.685823883
-0.447550816,0.514969642,0.68227228
-0.439660998,0.510367565,0.673629605
-0.439975703,0.505535691,0.670182776
-0.445312504,0.497531533,0.667713152
-0.455337824,0.486427031,0.666291071
-0.469596601,0.472319962,0.666038373
-0.487531617,0.455331176,0.667093365
-0.508505231,0.435601299,0.669571551
-0.531822716,0.413287049,0.673529203
-0.556756345,0.388557373,0.678936271
-0.582569398,0.361589581,0.685663277
-0.608539267,0.332565695,0.693483944
-0.633978895,0.301669177,0.702092253
-0.658255884,0.269082222,0.711130122
-0.680808683,0.234983733,0.720220673
-0.701159431,0.1995481,0.729002052
-0.718923131,0.162944822,0.737157706
-0.733812991,0.125338991,0.744440305
-0.745641929,0.086892609,0.750687825
-0.754320357,0.047766642,0.755831233
-0.759850514,0.008123686,0.759893938
-0.756382621,-0.031868919,0.757053695
-0.754545851,-0.072035733,0.757976641
-0.750382813,-0.112189845,0.758723222
-0.744184644,-0.152129714,0.759575035
-0.736251435,-0.191636484,0.760782963
-0.726877056,-0.230471976,0.76254022
-0.716335409,-0.268377599,0.764959446
-0.704868607,-0.30507433,0.768056052
-0.692677495,-0.340263921,0.771739366
-0.67991481,-0.373631414,0.775812209
-0.666681146,-0.404848991,0.779978497
-0.653023794,-0.433581134,0.78385756
-0.638938388,-0.459491007,0.787003335
-0.624373172,-0.482247909,0.788926425
-0.609235616,-0.501535581,0.789117212
-0.593401003,-0.517061122,0.787068583
-0.576722548,-0.528564207,0.78229727
-0.559042549,-0.535826284,0.774363209
-0.540204056,-0.538679387,0.76288656
-0.520062511,-0.537014229,0.747562237
-0.494300102,-0.534983983,0.728382079
-0.470234211,-0.525211524,0.704959118
-0.444868818,-0.510750602,0.677328903
-0.418230118,-0.491759068,0.645556668
-0.390384281,-0.468485751,0.60981865
-0.361440079,-0.441268016,0.570400204
-0.331549707,-0.410526487,0.527690444
-0.300907773,-0.37675708,0.482173605
-0.269748453,-0.340520534,0.434417383
-0.23834092,-0.302429748,0.385058628
-0.206983191,-0.263135313,0.334786849
-0.175994649,-0.223309682,0.284326099
-0.145707479,-0.183630495,0.23441593
-0.116457374,-0.144763571,0.185792388
-0.08857383,-0.10734615,0.139170827
-0.062370412,-0.071970895,0.095235907
-0.038135346,-0.039171197,0.054668888
-0.016122781,-0.009408241,0.018667058
0.003454953,0.016939749,0.017288488
0.020433805,0.039585755,0.044548539
0.028767848,0.058339442,0.06504675
0.038874831,0.073109738,0.082802695
0.046585456,0.08390443,0.095969569
0.051992819,0.090826871,0.1046555
0.055226079,0.094069899,0.109082839
0.056446876,0.093907257,0.109566522
0.055845017,0.090682797,0.106498994
0.05363356,0.084797889,0.10033564
0.050043418,0.076697469,0.091579722
0.045317645,0.066855225,0.080767011
0.039705546,0.055758409,0.068450936
0.033456781,0.043892809,0.055189989
0.026815621,0.03172834,0.041542329
0.020015504,0.019705744,0.028088017
0.013274035,0.008224779,0.015615601
0.006788567,-0.002365736,0.007188974
0.000732457,-0.011775773,0.011798531
-0.004747897,-0.019779635,0.020341497
-0.009535191,-0.026219096,0.027899119
-0.013542473,-0.031004123,0.033832739
-0.020910275,-0.029914499,0.036498176
-0.024207735,-0.030394396,0.038856579
-0.0263885,-0.029589378,0.039646995
-0.027459821,-0.02766779,0.038981385
-0.027466728,-0.02482505,0.037023024
-0.02648849,-0.02127415,0.033973954
-0.024634031,-0.01723618,0.030065285
-0.022036508,-0.012931244,0.025550436
-0.01884726,-0.008570047,0.020704225
-0.015229368,-0.004346442,0.015837462
-0.011351089,-0.000431139,0.011359274
-0.007379386,0.003033242,0.007978464
-0.003473817,0.005935693,0.006877489
0.000219034,0.008198852,0.008201777
0.003570363,0.009779565,0.010410926
0.006473069,0.010668051,0.012478299
0.008844654,0.010885783,0.014025982
0.010629044,0.010482246,0.014928297
0.011797303,0.009530774,0.015166147
0.012347251,0.008123686,0.014780016
0.006366948,0.006366948,0.009004225
0.00437463,0.00437463,0.006186661
0.002263363,0.002263363,0.003200879
0.000147056,0.000147056,0.000207969
-0.001867949,-0.001867949,0.002641678
-0.003687095,-0.003687095,0.00521434
-0.00523107,-0.00523107,0.007397851
-0.006438394,-0.006438394,0.009105264
-0.007267087,-0.007267087,0.010277213
-0.007695391,-0.007695391,0.010882927
-0.00772157,-0.00772157,0.01091995
-0.00736284,-0.00736284,0.010412628
-0.006653528,-0.006653528,0.00940951
-0.005642584,-0.005642584,0.007979819
-0.004390569,-0.004390569,0.006209202
-0.0029663,-0.0029663,0.004194982
-0.001443296,-0.001443296,0.002041129
0.000103802,0.000103802,0.000146799
0.001602678,0.001602678,0.002266529
0.002986512,0.002986512,0.004223565
0,0,0
0,0,0
0,0,0
0,0,0
0,0,0
0,0,0
0,0,0
0,0,0
0,0,0
0,0,0
0,0,0
0,0,0
0,0,0
0,0,0
0,0,0
0,0,0
0,0,0
0,0,0
0,0,0
0,0,0
0,0,0
0,0,0
0,0,0
0,0,0
0,0,0
0,0,0
0,0,0
0,0,0
0,0,0
0,0,0
0,0,0
0,0,0
0,0,0
0,0,0
0,0,0
0,0,0
0,0,0
0,0,0
0,0,0
0,0,0
0,0,0
0,0,0
0,0,0
0,0,0
0,0,0
0,0,0
0,0,0
0,0,0
0,0,0
0,0,0
0,0,0
0,0,0
0,0,0
0,0,0
0,0,0
0,0,0
0,0,0
0,0,0
0,0,0
0,0,0
0,0,0
0,0,0
0,0,0
0,0,0
0,0,0
0,0,0
0,0,0
0,0,0
0,0,0
0,0,0
0,0,0
0,0,0
0,0,0
0,0,0
0,0,0
0,0,0
0,0,0
0,0,0
0,0,0
0,0,0
0,0,0
0,0,0
0,0,0
0,0,0
0,0,0
0,0,0
0,0,0
0,0,0
0,0,0
0,0,0
0,0,0
0,0,0
0,0,0
0,0,0
0,0,0
0,0,0
0,0,0
0,0,0
0,0,0
0,0,0
0,0,0
0,0,0
0,0,0
0,0,0
0,0,0
0,0,0
0,0,0
0,0,0
0,0,0
0,0,0
0,0,0
0,0,0
0,0,0
0,0,0
0,0,0
0,0,0
0,0,0
0,0,0
0,0,0
0,0,0
0,0,0
0,0,0
0,0,0
0,0,0
0,0,0
0,0,0
0,0,0
0,0,0
0,0,0
0,0,0
0,0,0
0,0,0
0,0,0
0,0,0
0,0,0
0,0,0
0,0,0
0,0,0
0,0,0
0,0,0
0,0,0
0,0,0
0,0,0
0,0,0
0,0,0
0,0,0
0,0,0
0,0,0
0,0,0
0,0,0
0,0,0
0,0,0
0,0,0
0,0,0
0,0,0
0,0,0
0,0,0
0,0,0
0,0,0
0,0,0
0,0,0
0,0,0
0,0,0
0,0,0
0,0,0
0,0,0
0,0,0
0,0,0
0,0,0
0,0,0
0,0,0
0,0,0
0,0,0
0,0,0
0,0,0
0,0,0
0,0,0
0,0,0
0,0,0
0,0,0
0,0,0
0,0,0
0,0,0
0,0,0
0,0,0
0,0,0
0,0,0
0,0,0
0,0,0
0,0,0
0,0,0
0,0,0
0,0,0
0,0,0
0,0,0
0,0,0
0,0,0
0,0,0
0,0,0
0,0,0
0,0,0
0,0,0
0,0,0
0,0,0
0,0,0
0,0,0
0,0,0
0,0,0
0,0,0
0,0,0
0,0,0
0,0,0
0,0,0
0,0,0
0,0,0
0,0,0
0,0,0
0,0,0
0,0,0
0,0,0
0,0,0
0,0,0
0,0,0
0,0,0
0,0,0
0,0,0
0,0,0
0,0,0
0,0,0
0,0,0
0,0,0
0,0,0
0,0,0
0,0,0
0,0,0
0,0,0
0,0,0
0,0,0
0,0,0
0,0,0
0,0,0
0,0,0
0,0,0
0,0,0
0,0,0
0,0,0
0,0,0
0,0,0
0,0,0
0,0,0
0,0,0
0,0,0
0,0,0
0,0,0
0,0,0
0,0,0
0,0,0
0,0,0
0,0,0
0,0,0
0,0,0
0,0,0
0,0,0
0,0,0
0,0,0
0,0,0
0,0,0
0,0,0
0,0,0
0,0,0
0,0,0
0,0,0
0,0,0
0,0,0
0,0,0
0,0,0
0,0,0
0,0,0
0,0,0
0,0,0
0,0,0
0,0,0
0,0,0
0,0,0
0,0,0
0,0,0
0,0,0
0,0,0
0,0,0
0,0,0
0,0,0
0,0,0
0,0,0
0,0,0
0,0,0
0,0,0
0,0,0
0,0,0
0,0,0
0,0,0
0,0,0
0,0,0
0,0,0
0,0,0
0,0,0
0,0,0
0,0,0
0,0,0
0,0,0
0,0,0
0,0,0
0,0,0
0,0,0
0,0,0
0,0,0
0,0,0
0,0,0
0,0,0
0,0,0
0,0,0
0,0,0
0,0,0
0,0,0
0,0,0
0,0,0
0,0,0
0,0,0
0,0,0
0,0,0
0,0,0
0,0,0
0,0,0
0,0,0
0,0,0
0,0,0
0,0,0
0,0,0
0,0,0
0,0,0
0,0,0
0,0,0
0,0,0
0,0,0
0,0,0
0,0,0
0,0,0
0,0,0
0,0,0
0,0,0
0,0,0
0,0,0
0,0,0
0,0,0
0,0,0
0,0,0
0,0,0
0,0,0
0,0,0
0,0,0
0,0,0
0,0,0
0,0,0
0,0,0
0,0,0
0,0,0
0,0,0
0,0,0
0,0,0
0,0,0
0,0,0
0,0,0
0,0,0
0,0,0
0,0,0
0,0,0
0,0,0
0,0,0
0,0,0
0,0,0
0,0,0
0,0,0
0,0,0
0,0,0
0,0,0
0,0,0
0,0,0
0,0,0
0,0,0
0,0,0
0,0,0
0,0,0
0,0,0
0,0,0
0,0,0
0,0,0
0,0,0
0,0,0
0,0,0
0,0,0
0,0,0
0,0,0
0,0,0
0,0,0
0,0,0
0,0,0
0,0,0
0,0,0
0,0,0
0,0,0
0,0,0
0,0,0
0,0,0
0,0,0
0,0,0
0,0,0
0,0,0
0,0,0
0,0,0
0,0,0
0,0,0
0,0,0
0,0,0
0,0,0
0,0,0
0,0,0
0,0,0
0,0,0
0,0,0
0,0,0
0,0,0
0,0,0
0,0,0
0,0,0
0,0,0
0,0,0
0,0,0
0,0,0
0,0,0
0,0,0
0,0,0
0,0,0
0,0,0
0,0,0
0,0,0
0,0,0
0,0,0
0,0,0
0,0,0
0,0,0
0,0,0
0,0,0
0,0,0
0,0,0
0,0,0
0,0,0
0,0,0
0,0,0
0,0,0
0,0,0
0,0,0
0,0,0
0,0,0
0,0,0
0,0,0
0,0,0
0,0,0
0,0,0
0,0,0
0,0,0
0,0,0
0,0,0
0,0,0
0,0,0
0,0,0
0,0,0
0,0,0
0,0,0
0,0,0
0,0,0
0,0,0
0,0,0
0,0,0
0,0,0
0,0,0
0,0,0
0,0,0
0,0,0
0,0,0
0,0,0
0,0,0
0,0,0
0,0,0
0,0,0
0,0,0
0,0,0
0,0,0
0,0,0
0,0,0
0,0,0
0,0,0
0,0,0
0,0,0
0,0,0
0,0,0
0,0,0
0,0,0
0,0,0
0,0,0
0,0,0
0,0,0
0,0,0
0,0,0
0,0,0
0,0,0
0,0,0
0,0,0
0,0,0
0,0,0
0,0,0
0,0,0
0,0,0
0,0,0
0,0,0
0,0,0
0,0,0
0,0,0
0,0,0
0,0,0
0,0,0
0,0,0
0,0,0
0,0,0
0,0,0
0,0,0
0,0,0
0,0,0
0,0,0
0,0,0
0,0,0
0,0,0
0,0,0
0,0,0
0,0,0
0,0,0
0,0,0
0,0,0
0,0,0
0,0,0
0,0,0
0,0,0
0,0,0
0,0,0
0,0,0
0,0,0
0,0,0
0,0,0
0,0,0
0,0,0
0,0,0
0,0,0
0,0,0
0,0,0
0,0,0
0,0,0
0,0,0
0,0,0
0,0,0
0,0,0
0,0,0
0,0,0
0,0,0
0,0,0
0,0,0
0,0,0
0,0,0
0,0,0
0,0,0
0,0,0
0,0,0
0,0,0
0,0,0
0,0,0
0,0,0
0,0,0
0,0,0
0,0,0
0,0,0
0,0,0
0,0,0
0,0,0
0,0,0
0,0,0
0,0,0
0,0,0
0,0,0
0,0,0
0,0,0
0,0,0
0,0,0
0,0,0
0,0,0
0,0,0
0,0,0
0,0,0
0,0,0
0,0,0
0,0,0
0,0,0
0,0,0
0,0,0
0,0,0
0,0,0
0,0,0
0,0,0
0,0,0
0,0,0
0,0,0
0,0,0
0,0,0
0,0,0
0,0,0
0,0,0
0,0,0
0,0,0
0,0,0
0,0,0
0,0,0
0,0,0
0,0,0
0,0,0
0,0,0
0,0,0
0,0,0
0,0,0
0,0,0
0,0,0
0,0,0
0,0,0
0,0,0
0,0,0
0,0,0
0,0,0
0,0,0
0,0,0
0,0,0
0,0,0
0,0,0
0,0,0
0,0,0
0,0,0
0,0,0
0,0,0
0,0,0
0,0,0
0,0,0
0,0,0
0,0,0
0,0,0
0,0,0
0,0,0
0,0,0
0,0,0
0,0,0
0,0,0
0,0,0
0,0,0
0,0,0
0,0,0
0,0,0
0,0,0
0,0,0
0,0,0
0,0,0
0,0,0
0,0,0
0,0,0
0,0,0
0,0,0
0,0,0
0,0,0
0,0,0
0,0,0
0,0,0
0,0,0
0,0,0
0,0,0
0,0,0
0,0,0
0,0,0
0,0,0
0,0,0
0,0,0
0,0,0
0,0,0
0,0,0
0,0,0
0,0,0
0,0,0
0,0,0
0,0,0
0,0,0
0,0,0
0,0,0
0,0,0
0,0,0
0,0,0
0,0,0
0,0,0
0,0,0
0,0,0
0,0,0
0,0,0
0,0,0
0,0,0
0,0,0
0,0,0
0,0,0
0,0,0
0,0,0
0,0,0
0,0,0
0,0,0
0,0,0
0,0,0
0,0,0
0,0,0
0,0,0
0,0,0
0,0,0
0,0,0
0,0,0
0,0,0
0,0,0
0,0,0
0,0,0
0,0,0
0,0,0
0,0,0
0,0,0
0,0,0
0,0,0
0,0,0
0,0,0
0,0,0
0,0,0
0,0,0
0,0,0
0,0,0
0,0,0
0,0,0
0,0,0
0,0,0
0,0,0
0,0,0
0,0,0
0,0,0
0,0,0
0,0,0
0,0,0
0,0,0
0,0,0
0,0,0
0,0,0
0,0,0
0,0,0
0,0,0
0,0,0
0,0,0
0,0,0
0,0,0
0,0,0
0,0,0
0,0,0
0,0,0
0,0,0
0,0,0
0,0,0
0,0,0
0,0,0
0,0,0
0,0,0
0,0,0
0,0,0
0,0,0
0,0,0
0,0,0
0,0,0
0,0,0
0,0,0
0,0,0
0,0,0
0,0,0
0,0,0
0,0,0
0,0,0
0,0,0
0,0,0
0,0,0
0,0,0
0,0,0
0,0,0
0,0,0
0,0,0
0,0,0
0,0,0
0,0,0
0,0,0
0,0,0
0,0,0
0,0,0
0,0,0
0,0,0
0,0,0
0,0,0
0,0,0
0,0,0
0,0,0
0,0,0
0,0,0
0,0,0
0,0,0
0,0,0
0,0,0
0,0,0
0,0,0
0,0,0
0,0,0
0,0,0
0,0,0
0,0,0
0,0,0
0,0,0
0,0,0
0,0,0
0,0,0
0,0,0
0,0,0
0,0,0
0,0,0
0,0,0
0,0,0
0,0,0
0,0,0
0,0,0
0,0,0
0,0,0
0,0,0
0,0,0
0,0,0
0,0,0
0,0,0
0,0,0
0,0,0
0,0,0
0,0,0
0,0,0
0,0,0
0,0,0
0,0,0
0,0,0
0,0,0
0,0,0
0,0,0
0,0,0
0,0,0
0,0,0
0,0,0
0,0,0
0,0,0
0,0,0
0,0,0
0,0,0
0,0,0
0,0,0
0,0,0
0,0,0
0,0,0
0,0,0
0,0,0
0,0,0
0,0,0
0,0,0
0,0,0
0,0,0
0,0,0
0,0,0
0,0,0
0,0,0
0,0,0
0,0,0
0,0,0
0,0,0
0,0,0
0,0,0
0,0,0
0,0,0
0,0,0
0,0,0
0,0,0
0,0,0
0,0,0
0,0,0
0,0,0
0,0,0
0,0,0
0,0,0
0,0,0
0,0,0
0,0,0
0,0,0
0,0,0
0,0,0
0,0,0
0,0,0
0,0,0
0,0,0
0,0,0
0,0,0
0,0,0
0,0,0
0,0,0
0,0,0
0,0,0
0,0,0
0,0,0
0,0,0
0,0,0
0,0,0
0,0,0
0,0,0
0,0,0
0,0,0
0,0,0
0,0,0
0,0,0
0,0,0
0,0,0
0,0,0
0,0,0
0,0,0
0,0,0
0,0,0
0,0,0
0,0,0
0,0,0
0,0,0
0,0,0
0,0,0
0,0,0
0,0,0
0,0,0
0,0,0
0,0,0
0,0,0
0,0,0
0,0,0
0,0,0
0,0,0
0,0,0
0,0,0
0,0,0
0,0,0
0,0,0
0,0,0
0,0,0
0,0,0
0,0,0
0,0,0
0,0,0
0,0,0
0,0,0
0,0,0
0,0,0
0,0,0
0,0,0
0,0,0
0,0,0
0,0,0
0,0,0
0,0,0
0,0,0
0,0,0
0,0,0
0,0,0
0,0,0
0,0,0
0,0,0
0,0,0
0,0,0
0,0,0
0,0,0
0,0,0
0,0,0
0,0,0
0,0,0
0,0,0
0,0,0
0,0,0
0,0,0
0,0,0
0,0,0
0,0,0
0,0,0
0,0,0
0,0,0
0,0,0
0,0,0
0,0,0
0,0,0
0,0,0
0,0,0
0,0,0
0,0,0
0,0,0
0,0,0
0,0,0
0,0,0
0,0,0
0,0,0
0,0,0
0,0,0
0,0,0
0,0,0
0,0,0
0,0,0
0,0,0
0,0,0
0,0,0
0,0,0
0,0,0
0,0,0
0,0,0
0,0,0
0,0,0
0,0,0
0,0,0
0,0,0
0,0,0
0,0,0
0,0,0
0,0,0
0,0,0
0,0,0
0,0,0
0,0,0
0,0,0
0,0,0
0,0,0
0,0,0
0,0,0
0,0,0
0,0,0
0,0,0
0,0,0
0,0,0
0,0,0
0,0,0
0,0,0
0,0,0
0,0,0
0,0,0
0,0,0
0,0,0
0,0,0
0,0,0
0,0,0
0,0,0
0,0,0
0,0,0
0,0,0
0,0,0
0,0,0
0,0,0
0,0,0
0,0,0
0,0,0
0,0,0
0,0,0
0,0,0
0,0,0
0,0,0
0,0,0
0,0,0
0,0,0
0,0,0
0,0,0
0,0,0
0,0,0
0,0,0
0,0,0
0,0,0
0,0,0
0,0,0
0,0,0
0,0,0
0,0,0
0,0,0
0,0,0
0,0,0
0,0,0
0,0,0
0,0,0
0,0,0
0,0,0
0,0,0
0,0,0
0,0,0
0,0,0
0,0,0
0,0,0
0,0,0
0,0,0
0,0,0
0,0,0
0,0,0
0,0,0
0,0,0
0,0,0
0,0,0
0,0,0
0,0,0
0,0,0
0,0,0
0,0,0
0,0,0
0,0,0
0,0,0
0,0,0
0,0,0
0,0,0
0,0,0
0,0,0
0,0,0
0,0,0
0,0,0
0,0,0
0,0,0
0,0,0
0,0,0
0,0,0
0,0,0
0,0,0
0,0,0
0,0,0
0,0,0
0,0,0
0,0,0
0,0,0
0,0,0
0,0,0
0,0,0
0,0,0
0,0,0
0,0,0
0,0,0
0,0,0
0,0,0
0,0,0
0,0,0
0,0,0
0,0,0
0,0,0
0,0,0
0,0,0
0,0,0
0,0,0
0,0,0
0,0,0
0,0,0
0,0,0
0,0,0
0,0,0
0,0,0
0,0,0
0,0,0
0,0,0
0,0,0
0,0,0
0,0,0
0,0,0
0,0,0
0,0,0
0,0,0
0,0,0
0,0,0
0,0,0
0,0,0
0,0,0
0,0,0
0,0,0
0,0,0
0,0,0
0,0,0
0,0,0
0,0,0
0,0,0
0,0,0
0,0,0
0,0,0
0,0,0
0,0,0
0,0,0
0,0,0
0,0,0
0,0,0
0,0,0
0,0,0
0,0,0
0,0,0
0,0,0
0,0,0
0,0,0
0,0,0
0,0,0
0,0,0
0,0,0
0,0,0
0,0,0
0,0,0
0,0,0
0,0,0
0,0,0
0,0,0
0,0,0
0,0,0
0,0,0
0,0,0
0,0,0
0,0,0
0,0,0
0,0,0
0,0,0
0,0,0
0,0,0
0,0,0
0,0,0
0,0,0
0,0,0
0,0,0
0,0,0
0,0,0
0,0,0
0,0,0
0,0,0
0,0,0
0,0,0
0,0,0
0,0,0
0,0,0
0,0,0
0,0,0
0,0,0
0,0,0
0,0,0
0,0,0
0,0,0
0,0,0
0,0,0
0,0,0
0,0,0
0,0,0
0,0,0
0,0,0
0,0,0
0,0,0
0,0,0
0,0,0
0,0,0
0,0,0
0,0,0
0,0,0
0,0,0
0,0,0
0,0,0
0,0,0
0,0,0
0,0,0
0,0,0
0,0,0
0,0,0
0,0,0
0,0,0
0,0,0
0,0,0
0,0,0
0,0,0
0,0,0
0,0,0
0,0,0
0,0,0
0,0,0
0,0,0
0,0,0
0,0,0
0,0,0
0,0,0
0,0,0
0,0,0
0,0,0
0,0,0
0,0,0
0,0,0
0,0,0
0,0,0
0,0,0
0,0,0
0,0,0
0,0,0
0,0,0
0,0,0
0,0,0
0,0,0
0,0,0
0,0,0
0,0,0
0,0,0
0,0,0
0,0,0
0,0,0
0,0,0
0,0,0
0,0,0
0,0,0
0,0,0
0,0,0
0,0,0
0,0,0
0,0,0
0,0,0
0,0,0
0,0,0
0,0,0
0,0,0
0,0,0
0,0,0
0,0,0
0,0,0
0,0,0
0,0,0
0,0,0
0,0,0
0,0,0
0,0,0
0,0,0
0,0,0
0,0,0
0,0,0
0,0,0
0,0,0
0,0,0
0,0,0
0,0,0
0,0,0
0,0,0
0,0,0
0,0,0
0,0,0
0,0,0
0,0,0
0,0,0
0,0,0
0,0,0
0,0,0
0,0,0
0,0,0
0,0,0
0,0,0
0,0,0
0,0,0
0,0,0
0,0,0
0,0,0
0,0,0
0,0,0
0,0,0
0,0,0
0,0,0
0,0,0
0,0,0
0,0,0
0,0,0
0,0,0
0,0,0
0,0,0
0,0,0
0,0,0
0,0,0
0,0,0
0,0,0
0,0,0
0,0,0
0,0,0
0,0,0
0,0,0
0,0,0
0,0,0
0,0,0
0,0,0
0,0,0
0,0,0
0,0,0
0,0,0
0,0,0
0,0,0
0,0,0
0,0,0
0,0,0
0,0,0
0,0,0
0,0,0
0,0,0
0,0,0
0,0,0
0,0,0
0,0,0
0,0,0
0,0,0
0,0,0
0,0,0
0,0,0
0,0,0
0,0,0
0,0,0
0,0,0
0,0,0
0,0,0
0,0,0
0,0,0
0,0,0
0,0,0
0,0,0
0,0,0
0,0,0
0,0,0
0,0,0
0,0,0
0,0,0
0,0,0
0,0,0
0,0,0
0,0,0
0,0,0
0,0,0
0,0,0
0,0,0
0,0,0
0,0,0
0,0,0
0,0,0
0,0,0
0,0,0
0,0,0
0,0,0
0,0,0
0,0,0
0,0,0
0,0,0
0,0,0
0,0,0
0,0,0
0,0,0
0,0,0
0,0,0
0,0,0
0,0,0
0,0,0
0,0,0
0,0,0
0,0,0
0,0,0
0,0,0
0,0,0
0,0,0
0,0,0
0,0,0
0,0,0
0,0,0
0,0,0
0,0,0
0,0,0
0,0,0
0,0,0
0,0,0
0,0,0
0,0,0
0,0,0
0,0,0
0,0,0
0,0,0
0,0,0
0,0,0
0,0,0
0,0,0
0,0,0
0,0,0
0,0,0
0,0,0
0,0,0
0,0,0
0,0,0
0,0,0
0,0,0
0,0,0
0,0,0
0,0,0
0,0,0
0,0,0
0,0,0
0,0,0
0,0,0
0,0,0
0,0,0
0,0,0
0,0,0
0,0,0
0,0,0
0,0,0
0,0,0
0,0,0
0,0,0
0,0,0
0,0,0
0,0,0
0,0,0
0,0,0
0,0,0
0,0,0
0,0,0
0,0,0
0,0,0
0,0,0
0,0,0
0,0,0
0,0,0
0,0,0
0,0,0
0,0,0
0,0,0
0,0,0
0,0,0
0,0,0
0,0,0
0,0,0
0,0,0
0,0,0
0,0,0
0,0,0
0,0,0
0,0,0
0,0,0
0,0,0
0,0,0
0,0,0
0,0,0
0,0,0
0,0,0
0,0,0
0,0,0
0,0,0
0,0,0
0,0,0
0,0,0
0,0,0
0,0,0
0,0,0
0,0,0
0,0,0
0,0,0
0,0,0
0,0,0
0,0,0
0,0,0
0,0,0
0,0,0
0,0,0
0,0,0
0,0,0
0,0,0
0,0,0
0,0,0
0,0,0
0,0,0
0,0,0
0,0,0
0,0,0
0,0,0
0,0,0
0,0,0
0,0,0
0,0,0
0,0,0
0,0,0
0,0,0
0,0,0
0,0,0
0,0,0
0,0,0
0,0,0
0,0,0
0,0,0
0,0,0
0,0,0
0,0,0
0,0,0
0,0,0
0,0,0
0,0,0
0,0,0
0,0,0
0,0,0
0,0,0
0,0,0
0,0,0
0,0,0
0,0,0
0,0,0
0,0,0
0,0,0
0,0,0
0,0,0
0,0,0
0,0,0
0,0,0
0,0,0
0,0,0
0,0,0
0,0,0
0,0,0
0,0,0
0,0,0
0,0,0
0,0,0
0,0,0
0,0,0
0,0,0
0,0,0
0,0,0
0,0,0
0,0,0
0,0,0
0,0,0
0,0,0
0,0,0
0,0,0
0,0,0
0,0,0
0,0,0
0,0,0
0,0,0
0,0,0
0,0,0
0,0,0
0,0,0
0,0,0
0,0,0
0,0,0
0,0,0
0,0,0
0,0,0
0,0,0
0,0,0
0,0,0
0,0,0
0,0,0
0,0,0
0,0,0
0,0,0
0,0,0
0,0,0
0,0,0
0,0,0
0,0,0
0,0,0
0,0,0
0,0,0
0,0,0
0,0,0
0,0,0
0,0,0
0,0,0
0,0,0
0,0,0
0,0,0
0,0,0
0,0,0
0,0,0
0,0,0
0,0,0
0,0,0
0,0,0
0,0,0
0,0,0
0,0,0
0,0,0
0,0,0
0,0,0
0,0,0
0,0,0
0,0,0
0,0,0
0,0,0
0,0,0
0,0,0
0,0,0
0,0,0
0,0,0
0,0,0
0,0,0
0,0,0
0,0,0
0,0,0
0,0,0
0,0,0
0,0,0
0,0,0
0,0,0
0,0,0
0,0,0
0,0,0
0,0,0
0,0,0
0,0,0
0,0,0
0,0,0
0,0,0
0,0,0
0,0,0
0,0,0
0,0,0
0,0,0
0,0,0
0,0,0
0,0,0
0,0,0
0,0,0
0,0,0
0,0,0
0,0,0
0,0,0
0,0,0
0,0,0
0,0,0
0,0,0
0,0,0
0,0,0
0,0,0
0,0,0
0,0,0
0,0,0
0,0,0
0,0,0
0,0,0
0,0,0
0,0,0
0,0,0
0,0,0
0,0,0
0,0,0
0,0,0
0,0,0
0,0,0
0,0,0
0,0,0
0,0,0
0,0,0
0,0,0
0,0,0
0,0,0
0,0,0
0,0,0
0,0,0
0,0,0
0,0,0
0,0,0
0,0,0
0,0,0
0,0,0
0,0,0
0,0,0
0,0,0
0,0,0
0,0,0
0,0,0
0,0,0
0,0,0
0,0,0
0,0,0
0,0,0
0,0,0
0,0,0
0,0,0
0,0,0
0,0,0
0,0,0
0,0,0
0,0,0
0,0,0
0,0,0
0,0,0
0,0,0
0,0,0
0,0,0
0,0,0
0,0,0
0,0,0
0,0,0
0,0,0
0,0,0
0,0,0
0,0,0
0,0,0
0,0,0
0,0,0
0,0,0
0,0,0
0,0,0
0,0,0
0,0,0
0,0,0
0,0,0
0,0,0
0,0,0
0,0,0
0,0,0
0,0,0
0,0,0
0,0,0
0,0,0
0,0,0
0,0,0
0,0,0
0,0,0
0,0,0
0,0,0
0,0,0
0,0,0
0,0,0
0,0,0
0,0,0
0,0,0
0,0,0
0,0,0
0,0,0
0,0,0
0,0,0
0,0,0
0,0,0
0,0,0
0,0,0
0,0,0
0,0,0
0,0,0
0,0,0
0,0,0
0,0,0
0,0,0
0,0,0
0,0,0
0,0,0
0,0,0
0,0,0
0,0,0
0,0,0
0,0,0
0,0,0
0,0,0
0,0,0
0,0,0
0,0,0
0,0,0
0,0,0
0,0,0
0,0,0
0,0,0
0,0,0
0,0,0
0,0,0
0,0,0
0,0,0
0,0,0
0,0,0
0,0,0
0,0,0
0,0,0
0,0,0
0,0,0
0,0,0
0,0,0
0,0,0
0,0,0
0,0,0
0,0,0
0,0,0
0,0,0
0,0,0
0,0,0
0,0,0
0,0,0
0,0,0
0,0,0
0,0,0
0,0,0
0,0,0
0,0,0
0,0,0
0,0,0
0,0,0
0,0,0
0,0,0
0,0,0
0,0,0
0,0,0
0,0,0
0,0,0
0,0,0
0,0,0
0,0,0
0,0,0
0,0,0
0,0,0
0,0,0
0,0,0
0,0,0
0,0,0
0,0,0
0,0,0
0,0,0
0,0,0
0,0,0
0,0,0
0,0,0
0,0,0
0,0,0
0,0,0
0,0,0
0,0,0
0,0,0
0,0,0
0,0,0
0,0,0
0,0,0
0,0,0
0,0,0
0,0,0
0,0,0
0,0,0
0,0,0
0,0,0
0,0,0
0,0,0
0,0,0
0,0,0
0,0,0
0,0,0
0,0,0
0,0,0
0,0,0
0,0,0
0,0,0
0,0,0
0,0,0
0,0,0
0,0,0
0,0,0
0,0,0
0,0,0
0,0,0
0,0,0
0,0,0
0,0,0
0,0,0
0,0,0
0,0,0
0,0,0
0,0,0
0,0,0
0,0,0
0,0,0
0,0,0
0,0,0
0,0,0
0,0,0
0,0,0
0,0,0
0,0,0
0,0,0
0,0,0
0,0,0
0,0,0
0,0,0
0,0,0
0,0,0
0,0,0
0,0,0
0,0,0
0,0,0
0,0,0
0,0,0
0,0,0
0,0,0
0,0,0
0,0,0
0,0,0
0,0,0
0,0,0
0,0,0
0,0,0
0,0,0
0,0,0
0,0,0
0,0,0
0,0,0
0,0,0
0,0,0
0,0,0
0,0,0
0,0,0
0,0,0
0,0,0
0,0,0
0,0,0
0,0,0
0,0,0
0,0,0
0,0,0
0,0,0
0,0,0
0,0,0
0,0,0
0,0,0
0,0,0
0,0,0
0,0,0
0,0,0
0,0,0
0,0,0
0,0,0
0,0,0
0,0,0
0,0,0
0,0,0
0,0,0
0,0,0
0,0,0
0,0,0
0,0,0
0,0,0
0,0,0
0,0,0
0,0,0
0,0,0
0,0,0
0,0,0
0,0,0
0,0,0
0,0,0
0,0,0
0,0,0
0,0,0
0,0,0
0,0,0
0,0,0
0,0,0
0,0,0
0,0,0
0,0,0
0,0,0
0,0,0
0,0,0
0,0,0
0,0,0
0,0,0
0,0,0
0,0,0
0,0,0
0,0,0
0,0,0
0,0,0
0,0,0
0,0,0
0,0,0
0,0,0
0,0,0
0,0,0
0,0,0
0,0,0
0,0,0
0,0,0
0,0,0
0,0,0
0,0,0
0,0,0
0,0,0
0,0,0
0,0,0
0,0,0
0,0,0
0,0,0
0,0,0
0,0,0
0,0,0
0,0,0
0,0,0
0,0,0
0,0,0
0,0,0
0,0,0
0,0,0
0,0,0
0,0,0
0,0,0
0,0,0
0,0,0
0,0,0
0,0,0
0,0,0
0,0,0
0,0,0
0,0,0
0,0,0
0,0,0
0,0,0
0,0,0
0,0,0
0,0,0
0,0,0
0,0,0
0,0,0
0,0,0
0,0,0
0,0,0
0,0,0
0,0,0
0,0,0
0,0,0
0,0,0
0,0,0
0,0,0
0,0,0
0,0,0
0,0,0
0,0,0
0,0,0
0,0,0
0,0,0
0,0,0
0,0,0
0,0,0
0,0,0
0,0,0
0,0,0
0,0,0
0,0,0
0,0,0
0,0,0
0,0,0
0,0,0
0,0,0
0,0,0
0,0,0
0,0,0
0,0,0
0,0,0
0,0,0
0,0,0
0,0,0
0,0,0
0,0,0
0,0,0
0,0,0
0,0,0
0,0,0
0,0,0
0,0,0
0,0,0
0,0,0
0,0,0
0,0,0
0,0,0
0,0,0
0,0,0
0,0,0
0,0,0
0,0,0
0,0,0
0,0,0
0,0,0
0,0,0
0,0,0
0,0,0
0,0,0
0,0,0
0,0,0
0,0,0
0,0,0
0,0,0
0,0,0
0,0,0
0,0,0
0,0,0
0,0,0
0,0,0
0,0,0
0,0,0
0,0,0
0,0,0
0,0,0
0,0,0
0,0,0
0,0,0
0,0,0
0,0,0
0,0,0
0,0,0
0,0,0
0,0,0
0,0,0
0,0,0
0,0,0
0,0,0
0,0,0
0,0,0
0,0,0
0,0,0
0,0,0
0,0,0
0,0,0
0,0,0
0,0,0
0,0,0
0,0,0
0,0,0
0,0,0
0,0,0
0,0,0
0,0,0
0,0,0
0,0,0
0,0,0
0,0,0
0,0,0
0,0,0
0,0,0
0,0,0
0,0,0
0,0,0
0,0,0
0,0,0
0,0,0
0,0,0
0,0,0
0,0,0
0,0,0
0,0,0
0,0,0
0,0,0
0,0,0
0,0,0
0,0,0
0,0,0
0,0,0
0,0,0
0,0,0
0,0,0
0,0,0
0,0,0
0,0,0
0,0,0
0,0,0
0,0,0
0,0,0
0,0,0
0,0,0
0,0,0
0,0,0
0,0,0
0,0,0
0,0,0
0,0,0
0,0,0
0,0,0
0,0,0
0,0,0
0,0,0
0,0,0
0,0,0
0,0,0
0,0,0
0,0,0
0,0,0
0,0,0
0,0,0
0,0,0
0,0,0
0,0,0
0,0,0
0,0,0
0,0,0
0,0,0
0,0,0
0,0,0
0,0,0
0,0,0
0,0,0
0,0,0
0,0,0
0,0,0
0,0,0
0,0,0
0,0,0
0,0,0
0,0,0
0,0,0
0,0,0
0,0,0
0,0,0
0,0,0
0,0,0
0,0,0
0,0,0
0,0,0
0,0,0
0,0,0
0,0,0
0,0,0
0,0,0
0,0,0
0,0,0
0,0,0
0,0,0
0,0,0
0,0,0
0,0,0
0,0,0
0,0,0
0,0,0
0,0,0
0,0,0
0,0,0
0,0,0
0,0,0
0,0,0
0,0,0
0,0,0
0,0,0
0,0,0
0,0,0
0,0,0
0,0,0
0,0,0
0,0,0
0,0,0
0,0,0
0,0,0
0,0,0
0,0,0
0,0,0
0,0,0
0,0,0
0,0,0
0,0,0
0,0,0
0,0,0
0,0,0
0,0,0
0,0,0
0,0,0
0,0,0
0,0,0
0,0,0
0,0,0
0,0,0
0,0,0
0,0,0
0,0,0
0,0,0
0,0,0
0,0,0
0,0,0
0,0,0
0,0,0
0,0,0
0,0,0
0,0,0
0,0,0
0,0,0
0,0,0
0,0,0
0,0,0
0,0,0
0,0,0
0,0,0
0,0,0
0,0,0
0,0,0
0,0,0
0,0,0
0,0,0
0,0,0
0,0,0
0,0,0
0,0,0
0,0,0
0,0,0
0,0,0
0,0,0
0,0,0
0,0,0
0,0,0
0,0,0
0,0,0
0,0,0
0,0,0
0,0,0
0,0,0
0,0,0
0,0,0
0,0,0
0,0,0
0,0,0
0,0,0
0,0,0
0,0,0
0,0,0
0,0,0
0,0,0
0,0,0
0,0,0
0,0,0
0,0,0
0,0,0
0,0,0
0,0,0
0,0,0
0,0,0
0,0,0
0,0,0
0,0,0
0,0,0
0,0,0
0,0,0
0,0,0
0,0,0
0,0,0
0,0,0
0,0,0
0,0,0
0,0,0
0,0,0
0,0,0
0,0,0
0,0,0
0,0,0
0,0,0
0,0,0
0,0,0
0,0,0
0,0,0
0,0,0
0,0,0
0,0,0
0,0,0
0,0,0
0,0,0
0,0,0
0,0,0
0,0,0
0,0,0
0,0,0
0,0,0
0,0,0
0,0,0
0,0,0
0,0,0
0,0,0
0,0,0
0,0,0
0,0,0
0,0,0
0,0,0
0,0,0
0,0,0
0,0,0
0,0,0
0,0,0
0,0,0
0,0,0
0,0,0
0,0,0
0,0,0
0,0,0
0,0,0
0,0,0
0,0,0
0,0,0
0,0,0
0,0,0
0,0,0
0,0,0
0,0,0
0,0,0
0,0,0
0,0,0
0,0,0
0,0,0
0,0,0
0,0,0
0,0,0
0,0,0
0,0,0
0,0,0
0,0,0
0,0,0
0,0,0
0,0,0
0,0,0
0,0,0
0,0,0
0,0,0
0,0,0
0,0,0
0,0,0
0,0,0
0,0,0
0,0,0
0,0,0
0,0,0
0,0,0
0,0,0
0,0,0
0,0,0
0,0,0
0,0,0
0,0,0
0,0,0
0,0,0
0,0,0
0,0,0
0,0,0
0,0,0
0,0,0
0,0,0
0,0,0
0,0,0
0,0,0
0,0,0
0,0,0
0,0,0
0,0,0
0,0,0
0,0,0
0,0,0
0,0,0
0,0,0
0,0,0
0,0,0
0,0,0
0,0,0
0,0,0
0,0,0
0,0,0
0,0,0
0,0,0
0,0,0
0,0,0
0,0,0
0,0,0
0,0,0
0,0,0
0,0,0
0,0,0
0,0,0
0,0,0
0,0,0
0,0,0
0,0,0
0,0,0
0,0,0
0,0,0
0,0,0
0,0,0
0,0,0
0,0,0
0,0,0
0,0,0
0,0,0
0,0,0
0,0,0
0,0,0
0,0,0
0,0,0
0,0,0
0,0,0
0,0,0
0,0,0
0,0,0
0,0,0
0,0,0
0,0,0
0,0,0
0,0,0
0,0,0
0,0,0
0,0,0
0,0,0
0,0,0
0,0,0
0,0,0
0,0,0
0,0,0
0,0,0
0,0,0
0,0,0
0,0,0
0,0,0
0,0,0
0,0,0
0,0,0
0,0,0
0,0,0
0,0,0
0,0,0
0,0,0
0,0,0
0,0,0
0,0,0
0,0,0
0,0,0
0,0,0
0,0,0
0,0,0
0,0,0
0,0,0
0,0,0
0,0,0
0,0,0
0,0,0
0,0,0
0,0,0
0,0,0
0,0,0
0,0,0
0,0,0
0,0,0
0,0,0
0,0,0
0,0,0
0,0,0
0,0,0
0,0,0
0,0,0
0,0,0
0,0,0
0,0,0
0,0,0
0,0,0
0,0,0
0,0,0
0,0,0
0,0,0
0,0,0
0,0,0
0,0,0
0,0,0
0,0,0
0,0,0
0,0,0
0,0,0
0,0,0
0,0,0
0,0,0
0,0,0
0,0,0
0,0,0
0,0,0
0,0,0
0,0,0
0,0,0
0,0,0
0,0,0
0,0,0
0,0,0
0,0,0
0,0,0
0,0,0
0,0,0
0,0,0
0,0,0
0,0,0
0,0,0
0,0,0
0,0,0
0,0,0
0,0,0
0,0,0
0,0,0
0,0,0
0,0,0
0,0,0
0,0,0
0,0,0
0,0,0
0,0,0
0,0,0
0,0,0
0,0,0
0,0,0
0,0,0
0,0,0
0,0,0
0,0,0
0,0,0
0,0,0
0,0,0
0,0,0
0,0,0
0,0,0
0,0,0
0,0,0
0,0,0
0,0,0
0,0,0
0,0,0
0,0,0
0,0,0
0,0,0
0,0,0
0,0,0
0,0,0
0,0,0
0,0,0
0,0,0
0,0,0
0,0,0
0,0,0
0,0,0
0,0,0
0,0,0
0,0,0
0,0,0
0,0,0
0,0,0
0,0,0
0,0,0
0,0,0
0,0,0
0,0,0
0,0,0
0,0,0
0,0,0
0,0,0
0,0,0
0,0,0
0,0,0
0,0,0
0,0,0
0,0,0
0,0,0
0,0,0
0,0,0
0,0,0
0,0,0
0,0,0
0,0,0
0,0,0
0,0,0
0,0,0
0,0,0
0,0,0
0,0,0
0,0,0
0,0,0
0,0,0
0,0,0
0,0,0
0,0,0
0,0,0
0,0,0
0,0,0
0,0,0
0,0,0
0,0,0
0,0,0
0,0,0
0,0,0
0,0,0
0,0,0
0,0,0
0,0,0
0,0,0
0,0,0
0,0,0
0,0,0
0,0,0
0,0,0
0,0,0
0,0,0
0,0,0
0,0,0
0,0,0
0,0,0
0,0,0
0,0,0
0,0,0
0,0,0
0,0,0
0,0,0
0,0,0
0,0,0
0,0,0
0,0,0
0,0,0
0,0,0
0,0,0
0,0,0
0,0,0
0,0,0
0,0,0
0,0,0
0,0,0
0,0,0
0,0,0
0,0,0
0,0,0
0,0,0
0,0,0
0,0,0
0,0,0
0,0,0
0,0,0
0,0,0
0,0,0
0,0,0
0,0,0
0,0,0
0,0,0
0,0,0
0,0,0
0,0,0
0,0,0
0,0,0
0,0,0
0,0,0
0,0,0
0,0,0
0,0,0
0,0,0
0,0,0
0,0,0
0,0,0
0,0,0
0,0,0
0,0,0
0,0,0
0,0,0
0,0,0
0,0,0
0,0,0
0,0,0
0,0,0
0,0,0
0,0,0
0,0,0
0,0,0
0,0,0
0,0,0
0,0,0
0,0,0
0,0,0
0,0,0
0,0,0
0,0,0
0,0,0
0,0,0
0,0,0
0,0,0
0,0,0
0,0,0
0,0,0
0,0,0
0,0,0
0,0,0
0,0,0
0,0,0
0,0,0
0,0,0
0,0,0
0,0,0
0,0,0
0,0,0
0,0,0
0,0,0
0,0,0
0,0,0
0,0,0
0,0,0
0,0,0
0,0,0
0,0,0
0,0,0
0,0,0
0,0,0
0,0,0
0,0,0
0,0,0
0,0,0
0,0,0
0,0,0
0,0,0
0,0,0
0,0,0
0,0,0
0,0,0
0,0,0
0,0,0
0,0,0
0,0,0
0,0,0
0,0,0
0,0,0
0,0,0
0,0,0
0,0,0
0,0,0
0,0,0
0,0,0
0,0,0
0,0,0
0,0,0
0,0,0
0,0,0
0,0,0
0,0,0
0,0,0
0,0,0
0,0,0
0,0,0
0,0,0
0,0,0
0,0,0
0,0,0
0,0,0
0,0,0
0,0,0
0,0,0
0,0,0
0,0,0
0,0,0
0,0,0
0,0,0
0,0,0
0,0,0
0,0,0
0,0,0
0,0,0
0,0,0
0,0,0
0,0,0
0,0,0
0,0,0
0,0,0
0,0,0
0,0,0
0,0,0
0,0,0
0,0,0
0,0,0
0,0,0
0,0,0
0,0,0
0,0,0
0,0,0
0,0,0
0,0,0
0,0,0
0,0,0
0,0,0
0,0,0
0,0,0
0,0,0
0,0,0
0,0,0
0,0,0
0,0,0
0,0,0
0,0,0
0,0,0
0,0,0
0,0,0
0,0,0
0,0,0
0,0,0
0,0,0
0,0,0
0,0,0
0,0,0
0,0,0
0,0,0
0,0,0
0,0,0
0,0,0
0,0,0
0,0,0
0,0,0
0,0,0
0,0,0
0,0,0
0,0,0
0,0,0
0,0,0
0,0,0
0,0,0
0,0,0
0,0,0
0,0,0
0,0,0
0,0,0
0,0,0
0,0,0
0,0,0
0,0,0
0,0,0
0,0,0
0,0,0
0,0,0
0,0,0
0,0,0
0,0,0
0,0,0
0,0,0
0,0,0
0,0,0
0,0,0
0,0,0
0,0,0
0,0,0
0,0,0
0,0,0
0,0,0
0,0,0
0,0,0
0,0,0
0,0,0
0,0,0
0,0,0
0,0,0
0,0,0
0,0,0
0,0,0
0,0,0
0,0,0
0,0,0
0,0,0
0,0,0
0,0,0
0,0,0
0,0,0
0,0,0
0,0,0
0,0,0
0,0,0
0,0,0
0,0,0
0,0,0
0,0,0
0,0,0
0,0,0
0,0,0
0,0,0
0,0,0
0,0,0
0,0,0
0,0,0
0,0,0
0,0,0
0,0,0
0,0,0
0,0,0
0,0,0
0,0,0
0,0,0
0,0,0
0,0,0
0,0,0
0,0,0
0,0,0
0,0,0
0,0,0
0,0,0
0,0,0
0,0,0
0,0,0
0,0,0
0,0,0
0,0,0
0,0,0
0,0,0
0,0,0
0,0,0
0,0,0
0,0,0
0,0,0
0,0,0
0,0,0
0,0,0
0,0,0
0,0,0
0,0,0
0,0,0
0,0,0
0,0,0
0,0,0
0,0,0
0,0,0
0,0,0
0,0,0
0,0,0
0,0,0
0,0,0
0,0,0
0,0,0
0,0,0
0,0,0
0,0,0
0,0,0
0,0,0
0,0,0
0,0,0
0,0,0
0,0,0
0,0,0
0,0,0
0,0,0
0,0,0
0,0,0
0,0,0
0,0,0
0,0,0
0,0,0
0,0,0
0,0,0
0,0,0
0,0,0
0,0,0
0,0,0
0,0,0
0,0,0
0,0,0
0,0,0
0,0,0
0,0,0
0,0,0
0,0,0
0,0,0
0,0,0
0,0,0
0,0,0
0,0,0
0,0,0
0,0,0
0,0,0
0,0,0
0,0,0
0,0,0
0,0,0
0,0,0
0,0,0
0,0,0
0,0,0
0,0,0
0,0,0
0,0,0
0,0,0
0,0,0
0,0,0
0,0,0
0,0,0
0,0,0
0,0,0
0,0,0
0,0,0
0,0,0
0,0,0
0,0,0
0,0,0
0,0,0
0,0,0
0,0,0
0,0,0
0,0,0
0,0,0
0,0,0
0,0,0
0,0,0
0,0,0
0,0,0
0,0,0
0,0,0
0,0,0
0,0,0
0,0,0
0,0,0
0,0,0
0,0,0
0,0,0
0,0,0
0,0,0
0,0,0
0,0,0
0,0,0
0,0,0
0,0,0
0,0,0
0,0,0
0,0,0
0,0,0
0,0,0
0,0,0
0,0,0
0,0,0
0,0,0
0,0,0
0,0,0
0,0,0
0,0,0
0,0,0
0,0,0
0,0,0
0,0,0
0,0,0
0,0,0
0,0,0
0,0,0
0,0,0
0,0,0
0,0,0
0,0,0
0,0,0
0,0,0
0,0,0
0,0,0
0,0,0
0,0,0
0,0,0
0,0,0
0,0,0
0,0,0
0,0,0
0,0,0
0,0,0
0,0,0
0,0,0
0,0,0
0,0,0
0,0,0
0,0,0
0,0,0
0,0,0
0,0,0
0,0,0
0,0,0
0,0,0
0,0,0
0,0,0
0,0,0
0,0,0
0,0,0
0,0,0
0,0,0
0,0,0
0,0,0
0,0,0
0,0,0
0,0,0
0,0,0
0,0,0
0,0,0
0,0,0
0,0,0
0,0,0
0,0,0
0,0,0
0,0,0
0,0,0
0,0,0
0,0,0
0,0,0
0,0,0
0,0,0
0,0,0
0,0,0
0,0,0
0,0,0
0,0,0
0,0,0
0,0,0
0,0,0
0,0,0
0,0,0
0,0,0
0,0,0
0,0,0
0,0,0
0,0,0
0,0,0
0,0,0
0,0,0
0,0,0
0,0,0
0,0,0
0,0,0
0,0,0
0,0,0
0,0,0
0,0,0
0,0,0
0,0,0
0,0,0
0,0,0
0,0,0
0,0,0
0,0,0
0,0,0
0,0,0
0,0,0
0,0,0
0,0,0
0,0,0
0,0,0
0,0,0
0,0,0
0,0,0
0,0,0
0,0,0
0,0,0
0,0,0
0,0,0
0,0,0
0,0,0
0,0,0
0,0,0
0,0,0
0,0,0
0,0,0
0,0,0
0,0,0
0,0,0
0,0,0
0,0,0
0,0,0
0,0,0
0,0,0
0,0,0
0,0,0
0,0,0
0,0,0
0,0,0
0,0,0
0,0,0
0,0,0
0,0,0
0,0,0
0,0,0
0,0,0
0,0,0
0,0,0
0,0,0
0,0,0
0,0,0
0,0,0
0,0,0
0,0,0
0,0,0
0,0,0
0,0,0
0,0,0
0,0,0
0,0,0
0,0,0
0,0,0
0,0,0
0,0,0
0,0,0
0,0,0
0,0,0
0,0,0
0,0,0
0,0,0
0,0,0
0,0,0
0,0,0
0,0,0
0,0,0
0,0,0
0,0,0
0,0,0
0,0,0
0,0,0
0,0,0
0,0,0
0,0,0
0,0,0
0,0,0
0,0,0
0,0,0
0,0,0
0,0,0
0,0,0
0,0,0
0,0,0
0,0,0
0,0,0
0,0,0
0,0,0
0,0,0
0,0,0
0,0,0
0,0,0
0,0,0
0,0,0
0,0,0
0,0,0
0,0,0
0,0,0
0,0,0
0,0,0
0,0,0
0,0,0
0,0,0
0,0,0
0,0,0
0,0,0
0,0,0
0,0,0
0,0,0
0,0,0
0,0,0
0,0,0
0,0,0
0,0,0
0,0,0
0,0,0
0,0,0
0,0,0
0,0,0
0,0,0
0,0,0
0,0,0
0,0,0
0,0,0
0,0,0
0,0,0
0,0,0
0,0,0
0,0,0
0,0,0
0,0,0
0,0,0
0,0,0
0,0,0
0,0,0
0,0,0
0,0,0
0,0,0
0,0,0
0,0,0
0,0,0
0,0,0
0,0,0
0,0,0
0,0,0
0,0,0
0,0,0
0,0,0
0,0,0
0,0,0
0,0,0
0,0,0
0,0,0
0,0,0
0,0,0
0,0,0
0,0,0
0,0,0
0,0,0
0,0,0
0,0,0
0,0,0
0,0,0
0,0,0
0,0,0
0,0,0
0,0,0
0,0,0
0,0,0
0,0,0
0,0,0
0,0,0
0,0,0
0,0,0
0,0,0
0,0,0
0,0,0
0,0,0
0,0,0
0,0,0
0,0,0
0,0,0
0,0,0
0,0,0
0,0,0
0,0,0
0,0,0
0,0,0
0,0,0
0,0,0
0,0,0
0,0,0
0,0,0
0,0,0
0,0,0
0,0,0
0,0,0
0,0,0
0,0,0
0,0,0
0,0,0
0,0,0
0,0,0
0,0,0
0,0,0
0,0,0
0,0,0
0,0,0
0,0,0
0,0,0
0,0,0
0,0,0
0,0,0
0,0,0
0,0,0
0,0,0
0,0,0
0,0,0
0,0,0
0,0,0
0,0,0
0,0,0
0,0,0
0,0,0
0,0,0
0,0,0
0,0,0
0,0,0
0,0,0
0,0,0
0,0,0
0,0,0
0,0,0
0,0,0
0,0,0
0,0,0
0,0,0
0,0,0
0,0,0
0,0,0
0,0,0
0,0,0
0,0,0
0,0,0
0,0,0
0,0,0
0,0,0
0,0,0
0,0,0
0,0,0
0,0,0
0,0,0
0,0,0
0,0,0
0,0,0
0,0,0
0,0,0
0,0,0
0,0,0
0,0,0
0,0,0
0,0,0
0,0,0
0,0,0
0,0,0
0,0,0
0,0,0
0,0,0
0,0,0
0,0,0
0,0,0
0,0,0
0,0,0
0,0,0
0,0,0
0,0,0
0,0,0
0,0,0
0,0,0
0,0,0
0,0,0
0,0,0
0,0,0
0,0,0
0,0,0
0,0,0
0,0,0
0,0,0
0,0,0
0,0,0
0,0,0
0,0,0
0,0,0
0,0,0
0,0,0
0,0,0
0,0,0
0,0,0
0,0,0
0,0,0
0,0,0
0,0,0
0,0,0
0,0,0
0,0,0
0,0,0
0,0,0
0,0,0
0,0,0
0,0,0
0,0,0
0,0,0
0,0,0
0,0,0
0,0,0
0,0,0
0,0,0
0,0,0
0,0,0
0,0,0
0,0,0
0,0,0
0,0,0
0,0,0
0,0,0
0,0,0
0,0,0
0,0,0
0,0,0
0,0,0
0,0,0
0,0,0
0,0,0
0,0,0
0,0,0
0,0,0
0,0,0
0,0,0
0,0,0
0,0,0
0,0,0
0,0,0
0,0,0
0,0,0
0,0,0
0,0,0
0,0,0
0,0,0
0,0,0
0,0,0
0,0,0
0,0,0
0,0,0
0,0,0
0,0,0
0,0,0
0,0,0
0,0,0
0,0,0
0,0,0
0,0,0
0,0,0
0,0,0
0,0,0
0,0,0
0,0,0
0,0,0
0,0,0
0,0,0
0,0,0
0,0,0
0,0,0
0,0,0
0,0,0
0,0,0
0,0,0
0,0,0
0,0,0
0,0,0
0,0,0
0,0,0
0,0,0
0,0,0
0,0,0
0,0,0
0,0,0
0,0,0
0,0,0
0,0,0
0,0,0
0,0,0
0,0,0
0,0,0
0,0,0
0,0,0
0,0,0
0,0,0
0,0,0
0,0,0
0,0,0
0,0,0
0,0,0
0,0,0
0,0,0
0,0,0
0,0,0
0,0,0
0,0,0
0,0,0
0,0,0
0,0,0
0,0,0
0,0,0
0,0,0
0,0,0
0,0,0
0,0,0
0,0,0
0,0,0
0,0,0
0,0,0
0,0,0
0,0,0
0,0,0
0,0,0
0,0,0
0,0,0
0,0,0
0,0,0
0,0,0
0,0,0
0,0,0
0,0,0
0,0,0
0,0,0
0,0,0
0,0,0
0,0,0
0,0,0
0,0,0
0,0,0
0,0,0
0,0,0
0,0,0
0,0,0
0,0,0
0,0,0
0,0,0
0,0,0
0,0,0
0,0,0
0,0,0
0,0,0
0,0,0
0,0,0
0,0,0
0,0,0
0,0,0
0,0,0
0,0,0
0,0,0
0,0,0
0,0,0
0,0,0
0,0,0
0,0,0
0,0,0
0,0,0
0,0,0
0,0,0
0,0,0
0,0,0
0,0,0
0,0,0
0,0,0
0,0,0
0,0,0
0,0,0
0,0,0
0,0,0
0,0,0
0,0,0
0,0,0
0,0,0
0,0,0
0,0,0
0,0,0
0,0,0
0,0,0
0,0,0
0,0,0
0,0,0
0,0,0
0,0,0
0,0,0
0,0,0
0,0,0
0,0,0
0,0,0
0,0,0
0,0,0
0,0,0
0,0,0
0,0,0
0,0,0
0,0,0
0,0,0
0,0,0
0,0,0
0,0,0
0,0,0
0,0,0
0,0,0
0,0,0
0,0,0
0,0,0
0,0,0
0,0,0
0,0,0
0,0,0
0,0,0
0,0,0
0,0,0
0,0,0
0,0,0
0,0,0
0,0,0
0,0,0
0,0,0
0,0,0
0,0,0
0,0,0
0,0,0
0,0,0
0,0,0
0,0,0
0,0,0
0,0,0
0,0,0
0,0,0
0,0,0
0,0,0
0,0,0
0,0,0
0,0,0
0,0,0
0,0,0
0,0,0
0,0,0
0,0,0
0,0,0
0,0,0
0,0,0
0,0,0
0,0,0
0,0,0
0,0,0
0,0,0
0,0,0
0,0,0
0,0,0
0,0,0
0,0,0
0,0,0
0,0,0
0,0,0
0,0,0
0,0,0
0,0,0
0,0,0
0,0,0
0,0,0
0,0,0
0,0,0
0,0,0
0,0,0
0,0,0
0,0,0
0,0,0
0,0,0
0,0,0
0,0,0
0,0,0
0,0,0
0,0,0
0,0,0
0,0,0
0,0,0
0,0,0
0,0,0
0,0,0
0,0,0
0,0,0
0,0,0
0,0,0
0,0,0
0,0,0
0,0,0
0,0,0
0,0,0
0,0,0
0,0,0
0,0,0
0,0,0
0,0,0
0,0,0
0,0,0
0,0,0
0,0,0
0,0,0
0,0,0
0,0,0
0,0,0
0,0,0
0,0,0
0,0,0
0,0,0
0,0,0
0,0,0
0,0,0
0,0,0
0,0,0
0,0,0
0,0,0
0,0,0
0,0,0
0,0,0
0,0,0
0,0,0
0,0,0
0,0,0
0,0,0
0,0,0
0,0,0
0,0,0
0,0,0
0,0,0
0,0,0
0,0,0
0,0,0
0,0,0
0,0,0
0,0,0
0,0,0
0,0,0
0,0,0
0,0,0
0,0,0
0,0,0
0,0,0
0,0,0
0,0,0
0,0,0
0,0,0
0,0,0
0,0,0
0,0,0
0,0,0
0,0,0
0,0,0
0,0,0
0,0,0
0,0,0
0,0,0
0,0,0
0,0,0
0,0,0
0,0,0
0,0,0
0,0,0
0,0,0
0,0,0
0,0,0
0,0,0
0,0,0
0,0,0
0,0,0
0,0,0
0,0,0
0,0,0
0,0,0
0,0,0
0,0,0
0,0,0
0,0,0
0,0,0
0,0,0
0,0,0
0,0,0
0,0,0
0,0,0
0,0,0
0,0,0
0,0,0
0,0,0
0,0,0
0,0,0
0,0,0
0,0,0
0,0,0
0,0,0
0,0,0
0,0,0
0,0,0
0,0,0
0,0,0
0,0,0
0,0,0
0,0,0
0,0,0
0,0,0
0,0,0
0,0,0
0,0,0
0,0,0
0,0,0
0,0,0
0,0,0
0,0,0
0,0,0
0,0,0
0,0,0
0,0,0
0,0,0
0,0,0
0,0,0
0,0,0
0,0,0
0,0,0
0,0,0
0,0,0
0,0,0
0,0,0
0,0,0
0,0,0
0,0,0
0,0,0
0,0,0
0,0,0
0,0,0
0,0,0
0,0,0
0,0,0
0,0,0
0,0,0
0,0,0
0,0,0
0,0,0
0,0,0
0,0,0
0,0,0
0,0,0
0,0,0
0,0,0
0,0,0
0,0,0
0,0,0
0,0,0
0,0,0
0,0,0
0,0,0
0,0,0
0,0,0
0,0,0
0,0,0
0,0,0
0,0,0
0,0,0
0,0,0
0,0,0
0,0,0
0,0,0
0,0,0
0,0,0
0,0,0
0,0,0
0,0,0
0,0,0
0,0,0
0,0,0
0,0,0
0,0,0
0,0,0
0,0,0
0,0,0
0,0,0
0,0,0
0,0,0
0,0,0
0,0,0
0,0,0
0,0,0
0,0,0
0,0,0
0,0,0
0,0,0
0,0,0
0,0,0
0,0,0
0,0,0
0,0,0
0,0,0
0,0,0
0,0,0
0,0,0
0,0,0
0,0,0
0,0,0
0,0,0
0,0,0
0,0,0
0,0,0
0,0,0
0,0,0
0,0,0
0,0,0
0,0,0
0,0,0
0,0,0
0,0,0
0,0,0
0,0,0
0,0,0
0,0,0
0,0,0
0,0,0
0,0,0
0,0,0
0,0,0
0,0,0
0,0,0
0,0,0
0,0,0
0,0,0
0,0,0
0,0,0
0,0,0
0,0,0
0,0,0
0,0,0
0,0,0
0,0,0
0,0,0
0,0,0
0,0,0
0,0,0
0,0,0
0,0,0
0,0,0
0,0,0
0,0,0
0,0,0
0,0,0
0,0,0
0,0,0
0,0,0
0,0,0
0,0,0
0,0,0
0,0,0
0,0,0
0,0,0
0,0,0
0,0,0
0,0,0
0,0,0
0,0,0
0,0,0
0,0,0
0,0,0
0,0,0
0,0,0
0,0,0
0,0,0
0,0,0
0,0,0
0,0,0
0,0,0
0,0,0
0,0,0
0,0,0
0,0,0
0,0,0
0,0,0
0,0,0
0,0,0
0,0,0
0,0,0
0,0,0
0,0,0
0,0,0
0,0,0
0,0,0
0,0,0
0,0,0
0,0,0
0,0,0
0,0,0
0,0,0
0,0,0
0,0,0
0,0,0
0,0,0
0,0,0
0,0,0
0,0,0
0,0,0
0,0,0
0,0,0
0,0,0
0,0,0
0,0,0
0,0,0
0,0,0
0,0,0
0,0,0
0,0,0
0,0,0
0,0,0
0,0,0
0,0,0
0,0,0
0,0,0
0,0,0
0,0,0
0,0,0
0,0,0
0,0,0
0,0,0
0,0,0
0,0,0
0,0,0
0,0,0
0,0,0
0,0,0
0,0,0
0,0,0
0,0,0
0,0,0
0,0,0
0,0,0
0,0,0
0,0,0
0,0,0
0,0,0
0,0,0
0,0,0
0,0,0
0,0,0
0,0,0
0,0,0
0,0,0
0,0,0
0,0,0
0,0,0
0,0,0
0,0,0
0,0,0
0,0,0
0,0,0
0,0,0
0,0,0
0,0,0
0,0,0
0,0,0
0,0,0
0,0,0
0,0,0
0,0,0
0,0,0
0,0,0
0,0,0
0,0,0
0,0,0
0,0,0
0,0,0
0,0,0
0,0,0
0,0,0
0,0,0
0,0,0
0,0,0
0,0,0
0,0,0
0,0,0
0,0,0
0,0,0
0,0,0
0,0,0
0,0,0
0,0,0
0,0,0
0,0,0
0,0,0
0,0,0
0,0,0
0,0,0
0,0,0
0,0,0
0,0,0
0,0,0
0,0,0
0,0,0
0,0,0
0,0,0
0,0,0
0,0,0
0,0,0
0,0,0
0,0,0
0,0,0
0,0,0
0,0,0
0,0,0
0,0,0
0,0,0
0,0,0
0,0,0
0,0,0
0,0,0
0,0,0
0,0,0
0,0,0
0,0,0
0,0,0
0,0,0
0,0,0
0,0,0
0,0,0
0,0,0
0,0,0
0,0,0
0,0,0
0,0,0
0,0,0
0,0,0
0,0,0
0,0,0
0,0,0
0,0,0
0,0,0
0,0,0
0,0,0
0,0,0
0,0,0
0,0,0
0,0,0
0,0,0
0,0,0
0,0,0
0,0,0
0,0,0
0,0,0
0,0,0
0,0,0
0,0,0
0,0,0
0,0,0
0,0,0
0,0,0
0,0,0
0,0,0
0,0,0
0,0,0
0,0,0
0,0,0
0,0,0
0,0,0
0,0,0
0,0,0
0,0,0
0,0,0
0,0,0
0,0,0
0,0,0
0,0,0
0,0,0
0,0,0
0,0,0
0,0,0
0,0,0
0,0,0
0,0,0
0,0,0
0,0,0
0,0,0
0,0,0
0,0,0
0,0,0
0,0,0
0,0,0
0,0,0
0,0,0
0,0,0
0,0,0
0,0,0
0,0,0
0,0,0
0,0,0
0,0,0
0,0,0
0,0,0
0,0,0
0,0,0
0,0,0
0,0,0
0,0,0
0,0,0
0,0,0
0,0,0
0,0,0
0,0,0
0,0,0
0,0,0
0,0,0
0,0,0
0,0,0
0,0,0
0,0,0
0,0,0
0,0,0
0,0,0
0,0,0
0,0,0
0,0,0
0,0,0
0,0,0
0,0,0
0,0,0
0,0,0
0,0,0
0,0,0
0,0,0
0,0,0
0,0,0
0,0,0
0,0,0
0,0,0
0,0,0
0,0,0
0,0,0
0,0,0
0,0,0
0,0,0
0,0,0
0,0,0
0,0,0
0,0,0
0,0,0
0,0,0
0,0,0
0,0,0
0,0,0
0,0,0
0,0,0
0,0,0
0,0,0
0,0,0
0,0,0
0,0,0
0,0,0
0,0,0
0,0,0
0,0,0
0,0,0
0,0,0
0,0,0
0,0,0
0,0,0
0,0,0
0,0,0
0,0,0
0,0,0
0,0,0
0,0,0
0,0,0
0,0,0
0,0,0
0,0,0
0,0,0
0,0,0
0,0,0
0,0,0
0,0,0
0,0,0
0,0,0
0,0,0
0,0,0
0,0,0
0,0,0
0,0,0
0,0,0
0,0,0
0,0,0
0,0,0
0,0,0
0,0,0
0,0,0
0,0,0
0,0,0
0,0,0
0,0,0
0,0,0
0,0,0
0,0,0
0,0,0
0,0,0
0,0,0
0,0,0
0,0,0
0,0,0
0,0,0
0,0,0
0,0,0
0,0,0
0,0,0
0,0,0
0,0,0
0,0,0
0,0,0
0,0,0
0,0,0
0,0,0
0,0,0
0,0,0
0,0,0
0,0,0
0,0,0
0,0,0
0,0,0
0,0,0
0,0,0
0,0,0
0,0,0
0,0,0
0,0,0
0,0,0
0,0,0
0,0,0
0,0,0
0,0,0
0,0,0
0,0,0
0,0,0
0,0,0
0,0,0
0,0,0
0,0,0
0,0,0
0,0,0
0,0,0
0,0,0
0,0,0
0,0,0
0,0,0
0,0,0
0,0,0
0,0,0
0,0,0
0,0,0
0,0,0
0,0,0
0,0,0
0,0,0
0,0,0
0,0,0
0,0,0
0,0,0
0,0,0
0,0,0
0,0,0
0,0,0
0,0,0
0,0,0
0,0,0
0,0,0
0,0,0
0,0,0
0,0,0
0,0,0
0,0,0
0,0,0
0,0,0
0,0,0
0,0,0
0,0,0
0,0,0
0,0,0
0,0,0
0,0,0
0,0,0
0,0,0
0,0,0
0,0,0
0,0,0
0,0,0
0,0,0
0,0,0
0,0,0
0,0,0
0,0,0
0,0,0
0,0,0
0,0,0
0,0,0
0,0,0
0,0,0
0,0,0
0,0,0
0,0,0
0,0,0
0,0,0
0,0,0
0,0,0
0,0,0
0,0,0
0,0,0
0,0,0
0,0,0
0,0,0
0,0,0
0,0,0
0,0,0
0,0,0
0,0,0
0,0,0
0,0,0
0,0,0
0,0,0
0,0,0
0,0,0
0,0,0
0,0,0
0,0,0
0,0,0
0,0,0
0,0,0
0,0,0
0,0,0
0,0,0
0,0,0
0,0,0
0,0,0
0,0,0
0,0,0
0,0,0
0,0,0
0,0,0
0,0,0
0,0,0
0,0,0
0,0,0
0,0,0
0,0,0
0,0,0
0,0,0
0,0,0
0,0,0
0,0,0
0,0,0
0,0,0
0,0,0
0,0,0
0,0,0
0,0,0
0,0,0
0,0,0
0,0,0
0,0,0
0,0,0
0,0,0
0,0,0
0,0,0
0,0,0
0,0,0
0,0,0
0,0,0
0,0,0
0,0,0
0,0,0
0,0,0
0,0,0
0,0,0
0,0,0
0,0,0
0,0,0
0,0,0
0,0,0
0,0,0
0,0,0
0,0,0
0,0,0
0,0,0
0,0,0
0,0,0
0,0,0
0,0,0
0,0,0
0,0,0
0,0,0
0,0,0
0,0,0
0,0,0
0,0,0
0,0,0
0,0,0
0,0,0
0,0,0
0,0,0
0,0,0
0,0,0
0,0,0
0,0,0
0,0,0
0,0,0
0,0,0
0,0,0
0,0,0
0,0,0
0,0,0
0,0,0
0,0,0
0,0,0
0,0,0
0,0,0
0,0,0
0,0,0
0,0,0
0,0,0
0,0,0
0,0,0
0,0,0
0,0,0
0,0,0
0,0,0
0,0,0
0,0,0
0,0,0
0,0,0
0,0,0
0,0,0
0,0,0
0,0,0
0,0,0
0,0,0
0,0,0
0,0,0
0,0,0
0,0,0
0,0,0
0,0,0
0,0,0
0,0,0
0,0,0
0,0,0
0,0,0
0,0,0
0,0,0
0,0,0
0,0,0
0,0,0
0,0,0
0,0,0
0,0,0
0,0,0
0,0,0
0,0,0
0,0,0
0,0,0
0,0,0
0,0,0
0,0,0
0,0,0
0,0,0
0,0,0
0,0,0
0,0,0
0,0,0
0,0,0
0,0,0
0,0,0
0,0,0
0,0,0
0,0,0
0,0,0
0,0,0
0,0,0
0,0,0
0,0,0
0,0,0
0,0,0
0,0,0
0,0,0
0,0,0
0,0,0
0,0,0
0,0,0
0,0,0
0,0,0
0,0,0
0,0,0
0,0,0
0,0,0
0,0,0
0,0,0
0,0,0
0,0,0
0,0,0
0,0,0
0,0,0
0,0,0
0,0,0
0,0,0
0,0,0
0,0,0
0,0,0
0,0,0
0,0,0
0,0,0
0,0,0
0,0,0
0,0,0
0,0,0
0,0,0
0,0,0
0,0,0
0,0,0
0,0,0
0,0,0
0,0,0
0,0,0
0,0,0
0,0,0
0,0,0
0,0,0
0,0,0
0,0,0
0,0,0
0,0,0
0,0,0
0,0,0
0,0,0
0,0,0
0,0,0
0,0,0
0,0,0
0,0,0
0,0,0
0,0,0
0,0,0
0,0,0
0,0,0
0,0,0
0,0,0
0,0,0
0,0,0
0,0,0
0,0,0
0,0,0
0,0,0
0,0,0
0,0,0
0,0,0
0,0,0
0,0,0
0,0,0
0,0,0
0,0,0
0,0,0
0,0,0
0,0,0
0,0,0
0,0,0
0,0,0
0,0,0
0,0,0
0,0,0
0,0,0
0,0,0
0,0,0
0,0,0
0,0,0
0,0,0
0,0,0
0,0,0
0,0,0
0,0,0
0,0,0
0,0,0
0,0,0
0,0,0
0,0,0
0,0,0
0,0,0
0,0,0
0,0,0
0,0,0
0,0,0
0,0,0
0,0,0
0,0,0
0,0,0
0,0,0
0,0,0
0,0,0
0,0,0
0,0,0
0,0,0
0,0,0
0,0,0
0,0,0
0,0,0
0,0,0
0,0,0
0,0,0
0,0,0
0,0,0
0,0,0
0,0,0
0,0,0
0,0,0
0,0,0
0,0,0
0,0,0
0,0,0
0,0,0
0,0,0
0,0,0
0,0,0
0,0,0
0,0,0
0,0,0
0,0,0
0,0,0
0,0,0
0,0,0
0,0,0
0,0,0
0,0,0
0,0,0
0,0,0
0,0,0
0,0,0
0,0,0
0,0,0
0,0,0
0,0,0
0,0,0
0,0,0
0,0,0
0,0,0
0,0,0
0,0,0
0,0,0
0,0,0
0,0,0
0,0,0
0,0,0
0,0,0
0,0,0
0,0,0
0,0,0
0,0,0
0,0,0
0,0,0
0,0,0
0,0,0
0,0,0
0,0,0
0,0,0
0,0,0
0,0,0
0,0,0
0,0,0
0,0,0
0,0,0
0,0,0
0,0,0
0,0,0
0,0,0
0,0,0
0,0,0
0,0,0
0,0,0
0,0,0
0,0,0
0,0,0
0,0,0
0,0,0
0,0,0
0,0,0
0,0,0
0,0,0
0,0,0
0,0,0
0,0,0
0,0,0
0,0,0
0,0,0
0,0,0
0,0,0
0,0,0
0,0,0
0,0,0
0,0,0
0,0,0
0,0,0
0,0,0
0,0,0
0,0,0
0,0,0
0,0,0
0,0,0
0,0,0
0,0,0
0,0,0
0,0,0
0,0,0
0,0,0
0,0,0
0,0,0
0,0,0
0,0,0
0,0,0
0,0,0
0,0,0
0,0,0
0,0,0
0,0,0
0,0,0
0,0,0
0,0,0
0,0,0
0,0,0
0,0,0
0,0,0
0,0,0
0,0,0
0,0,0
0,0,0
0,0,0
0,0,0
0,0,0
0,0,0
0,0,0
0,0,0
0,0,0
0,0,0
0,0,0
0,0,0
0,0,0
0,0,0
0,0,0
0,0,0
0,0,0
0,0,0
0,0,0
0,0,0
0,0,0
0,0,0
0,0,0
0,0,0
0,0,0
0,0,0
0,0,0
0,0,0
0,0,0
0,0,0
0,0,0
0,0,0
0,0,0
0,0,0
0,0,0
0,0,0
0,0,0
0,0,0
0,0,0
0,0,0
0,0,0
0,0,0
0,0,0
0,0,0
0,0,0
0,0,0
0,0,0
0,0,0
0,0,0
0,0,0
0,0,0
0,0,0
0,0,0
0,0,0
0,0,0
0,0,0
0,0,0
0,0,0
0,0,0
0,0,0
0,0,0
0,0,0
0,0,0
0,0,0
0,0,0
0,0,0
0,0,0
0,0,0
0,0,0
0,0,0
0,0,0
0,0,0
0,0,0
0,0,0
0,0,0
0,0,0
0,0,0
0,0,0
0,0,0
0,0,0
0,0,0
0,0,0
0,0,0
0,0,0
0,0,0
0,0,0
0,0,0
0,0,0
0,0,0
0,0,0
0,0,0
0,0,0
0,0,0
0,0,0
0,0,0
0,0,0
0,0,0
0,0,0
0,0,0
0,0,0
0,0,0
0,0,0
0,0,0
0,0,0
0,0,0
0,0,0
0,0,0
0,0,0
0,0,0
0,0,0
0,0,0
0,0,0
0,0,0
0,0,0
0,0,0
0,0,0
0,0,0
0,0,0
0,0,0
0,0,0
0,0,0
0,0,0
0,0,0
0,0,0
0,0,0
0,0,0
0,0,0
0,0,0
0,0,0
0,0,0
0,0,0
0,0,0
0,0,0
0,0,0
0,0,0
0,0,0
0,0,0
0,0,0
0,0,0
0,0,0
0,0,0
0,0,0
0,0,0
0,0,0
0,0,0
0,0,0
0,0,0
0,0,0
0,0,0
0,0,0
0,0,0
0,0,0
0,0,0
0,0,0
0,0,0
0,0,0
0,0,0
0,0,0
0,0,0
0,0,0
0,0,0
0,0,0
0,0,0
0,0,0
0,0,0
0,0,0
0,0,0
0,0,0
0,0,0
0,0,0
0,0,0
0,0,0
0,0,0
0,0,0
0,0,0
0,0,0
0,0,0
0,0,0
0,0,0
0,0,0
0,0,0
0,0,0
0,0,0
0,0,0
0,0,0
0,0,0
0,0,0
0,0,0
0,0,0
0,0,0
0,0,0
0,0,0
0,0,0
0,0,0
0,0,0
0,0,0
0,0,0
0,0,0
0,0,0
0,0,0
0,0,0
0,0,0
0,0,0
0,0,0
0,0,0
0,0,0
0,0,0
0,0,0
0,0,0
0,0,0
0,0,0
0,0,0
0,0,0
0,0,0
0,0,0
0,0,0
0,0,0
0,0,0
0,0,0
0,0,0
0,0,0
0,0,0
0,0,0
0,0,0
0,0,0
0,0,0
0,0,0
0,0,0
0,0,0
0,0,0
0,0,0
0,0,0
0,0,0
0,0,0
0,0,0
0,0,0
0,0,0
0,0,0
0,0,0
0,0,0
0,0,0
0,0,0
0,0,0
0,0,0
0,0,0
0,0,0
0,0,0
0,0,0
0,0,0
0,0,0
0,0,0
0,0,0
0,0,0
0,0,0
0,0,0
0,0,0
0,0,0
0,0,0
0,0,0
0,0,0
0,0,0
0,0,0
0,0,0
0,0,0
0,0,0
0,0,0
0,0,0
0,0,0
0,0,0
0,0,0
0,0,0
0,0,0
0,0,0
0,0,0
0,0,0
0,0,0
0,0,0
0,0,0
0,0,0
0,0,0
0,0,0
0,0,0
0,0,0
0,0,0
0,0,0
0,0,0
0,0,0
0,0,0
0,0,0
0,0,0
0,0,0
0,0,0
0,0,0
0,0,0
0,0,0
0,0,0
0,0,0
0,0,0
0,0,0
0,0,0
0,0,0
0,0,0
0,0,0
0,0,0
0,0,0
0,0,0
0,0,0
0,0,0
0,0,0
0,0,0
0,0,0
0,0,0
0,0,0
0,0,0
0,0,0
0,0,0
0,0,0
0,0,0
0,0,0
0,0,0
0,0,0
0,0,0
0,0,0
0,0,0
0,0,0
0,0,0
0,0,0
0,0,0
0,0,0
0,0,0
0,0,0
0,0,0
0,0,0
0,0,0
0,0,0
0,0,0
0,0,0
0,0,0
0,0,0
0,0,0
0,0,0
0,0,0
0,0,0
0,0,0
0,0,0
0,0,0
0,0,0
0,0,0
0,0,0
0,0,0
0,0,0
0,0,0
0,0,0
0,0,0
0,0,0
0,0,0
0,0,0
0,0,0
0,0,0
0,0,0
0,0,0
0,0,0
0,0,0
0,0,0
0,0,0
0,0,0
0,0,0
0,0,0
0,0,0
0,0,0
0,0,0
0,0,0
0,0,0
0,0,0
0,0,0
0,0,0
0,0,0
0,0,0
0,0,0
0,0,0
0,0,0
0,0,0
0,0,0
0,0,0
0,0,0
0,0,0
0,0,0
0,0,0
0,0,0
0,0,0
0,0,0
0,0,0
0,0,0
0,0,0
0,0,0
0,0,0
0,0,0
0,0,0
0,0,0
0,0,0
0,0,0
0,0,0
0,0,0
0,0,0
0,0,0
0,0,0
0,0,0
0,0,0
0,0,0
0,0,0
0,0,0
0,0,0
0,0,0
0,0,0
0,0,0
0,0,0
0,0,0
0,0,0
0,0,0
0,0,0
0,0,0
0,0,0
0,0,0
0,0,0
0,0,0
0,0,0
0,0,0
0,0,0
0,0,0
0,0,0
0,0,0
0,0,0
0,0,0
0,0,0
0,0,0
0,0,0
0,0,0
0,0,0
0,0,0
0,0,0
0,0,0
0,0,0
0,0,0
0,0,0
0,0,0
0,0,0
0,0,0
0,0,0
0,0,0
0,0,0
0,0,0
0,0,0
0,0,0
0,0,0
0,0,0
0,0,0
0,0,0
0,0,0
0,0,0
0,0,0
0,0,0
0,0,0
0,0,0
0,0,0
0,0,0
0,0,0
0,0,0
0,0,0
0,0,0
0,0,0
0,0,0
0,0,0
0,0,0
0,0,0
0,0,0
0,0,0
0,0,0
0,0,0
0,0,0
0,0,0
0,0,0
0,0,0
0,0,0
0,0,0
0,0,0
0,0,0
0,0,0
0,0,0
0,0,0
0,0,0
0,0,0
0,0,0
0,0,0
0,0,0
0,0,0
0,0,0
0,0,0
0,0,0
0,0,0
0,0,0
0,0,0
0,0,0
0,0,0
0,0,0
0,0,0
0,0,0
0,0,0
0,0,0
0,0,0
0,0,0
0,0,0
0,0,0
0,0,0
0,0,0
0,0,0
0,0,0
0,0,0
0,0,0
0,0,0
0,0,0
0,0,0
0,0,0
0,0,0
0,0,0
0,0,0
0,0,0
0,0,0
0,0,0
0,0,0
0,0,0
0,0,0
0,0,0
0,0,0
0,0,0
0,0,0
0,0,0
0,0,0
0,0,0
0,0,0
0,0,0
0,0,0
0,0,0
0,0,0
0,0,0
0,0,0
0,0,0
0,0,0
0,0,0
0,0,0
0,0,0
0,0,0
0,0,0
0,0,0
0,0,0
0,0,0
0,0,0
0,0,0
0,0,0
0,0,0
0,0,0
0,0,0
0,0,0
0,0,0
0,0,0
0,0,0
0,0,0
0,0,0
0,0,0
0,0,0
0,0,0
0,0,0
0,0,0
0,0,0
0,0,0
0,0,0
0,0,0
0,0,0
0,0,0
0,0,0
0,0,0
0,0,0
0,0,0
0,0,0
0,0,0
0,0,0
0,0,0
0,0,0
0,0,0
0,0,0
0,0,0
0,0,0
0,0,0
0,0,0
0,0,0
0,0,0
0,0,0
0,0,0
0,0,0
0,0,0
0,0,0
0,0,0
0,0,0
0,0,0
0,0,0
0,0,0
0,0,0
0,0,0
0,0,0
0,0,0
0,0,0
0,0,0
0,0,0
0,0,0
0,0,0
0,0,0
0,0,0
0,0,0
0,0,0
0,0,0
0,0,0
0,0,0
0,0,0
0,0,0
0,0,0
0,0,0
0,0,0
0,0,0
0,0,0
0,0,0
0,0,0
0,0,0
0,0,0
0,0,0
0,0,0
0,0,0
0,0,0
0,0,0
0,0,0
0,0,0
0,0,0
0,0,0
0,0,0
0,0,0
0,0,0
0,0,0
0,0,0
0,0,0
0,0,0
0,0,0
0,0,0
0,0,0
0,0,0
0,0,0
0,0,0
0,0,0
0,0,0
0,0,0
0,0,0
0,0,0
0,0,0
0,0,0
0,0,0
0,0,0
0,0,0
0,0,0
0,0,0
0,0,0
0,0,0
0,0,0
0,0,0
0,0,0
0,0,0
0,0,0
0,0,0
0,0,0
0,0,0
0,0,0
0,0,0
0,0,0
0,0,0
0,0,0
0,0,0
0,0,0
0,0,0
0,0,0
0,0,0
0,0,0
0,0,0
0,0,0
0,0,0
0,0,0
0,0,0
0,0,0
0,0,0
0,0,0
0,0,0
0,0,0
0,0,0
0,0,0
0,0,0
0,0,0
0,0,0
0,0,0
0,0,0
0,0,0
0,0,0
0,0,0
0,0,0
0,0,0
0,0,0
0,0,0
0,0,0
0,0,0
0,0,0
0,0,0
0,0,0
0,0,0
0,0,0
0,0,0
0,0,0
0,0,0
0,0,0
0,0,0
0,0,0
0,0,0
0,0,0
0,0,0
0,0,0
0,0,0
0,0,0
0,0,0
0,0,0
0,0,0
0,0,0
0,0,0
0,0,0
0,0,0
0,0,0
0,0,0
0,0,0
0,0,0
0,0,0
0,0,0
0,0,0
0,0,0
0,0,0
0,0,0
0,0,0
0,0,0
0,0,0
0,0,0
0,0,0
0,0,0
0,0,0
0,0,0
0,0,0
0,0,0
0,0,0
0,0,0
0,0,0
0,0,0
0,0,0
0,0,0
0,0,0
0,0,0
0,0,0
0,0,0
0,0,0
0,0,0
0,0,0
0,0,0
0,0,0
0,0,0
0,0,0
0,0,0
0,0,0
0,0,0
0,0,0
0,0,0
0,0,0
0,0,0
0,0,0
0,0,0
0,0,0
0,0,0
0,0,0
0,0,0
0,0,0
0,0,0
0,0,0
0,0,0
0,0,0
0,0,0
0,0,0
0,0,0
0,0,0
0,0,0
0,0,0
0,0,0
0,0,0
0,0,0
0,0,0
0,0,0
0,0,0
0,0,0
0,0,0
0,0,0
0,0,0
0,0,0
0,0,0
0,0,0
0,0,0
0,0,0
0,0,0
0,0,0
0,0,0
0,0,0
0,0,0
0,0,0
0,0,0
0,0,0
0,0,0
0,0,0
0,0,0
0,0,0
0,0,0
0,0,0
0,0,0
0,0,0
0,0,0
0,0,0
0,0,0
0,0,0
0,0,0
0,0,0
0,0,0
0,0,0
0,0,0
0,0,0
0,0,0
0,0,0
0,0,0
0,0,0
0,0,0
0,0,0
0,0,0
0,0,0
0,0,0
0,0,0
0,0,0
0,0,0
0,0,0
0,0,0
0,0,0
0,0,0
0,0,0
0,0,0
0,0,0
0,0,0
0,0,0
0,0,0
0,0,0
0,0,0
0,0,0
0,0,0
0,0,0
0,0,0
0,0,0
0,0,0
0,0,0
0,0,0
0,0,0
0,0,0
0,0,0
0,0,0
0,0,0
0,0,0
0,0,0
0,0,0
0,0,0
0,0,0
0,0,0
0,0,0
0,0,0
0,0,0
0,0,0
0,0,0
0,0,0
0,0,0
0,0,0
0,0,0
0,0,0
0,0,0
0,0,0
0,0,0
0,0,0
0,0,0
0,0,0
0,0,0
0,0,0
0,0,0
0,0,0
0,0,0
0,0,0
0,0,0
0,0,0
0,0,0
0,0,0
0,0,0
0,0,0
0,0,0
0,0,0
0,0,0
0,0,0
0,0,0
0,0,0
0,0,0
0,0,0
0,0,0
0,0,0
0,0,0
0,0,0
0,0,0
0,0,0
0,0,0
0,0,0
0,0,0
0,0,0
0,0,0
0,0,0
0,0,0
0,0,0
0,0,0
0,0,0
0,0,0
0,0,0
0,0,0
0,0,0
0,0,0
0,0,0
0,0,0
0,0,0
0,0,0
0,0,0
0,0,0
0,0,0
0,0,0
0,0,0
0,0,0
0,0,0
0,0,0
0,0,0
0,0,0
0,0,0
0,0,0
0,0,0
0,0,0
0,0,0
0,0,0
0,0,0
0,0,0
0,0,0
0,0,0
0,0,0
0,0,0
0,0,0
0,0,0
0,0,0
0,0,0
0,0,0
0,0,0
0,0,0
0,0,0
0,0,0
0,0,0
0,0,0
0,0,0
0,0,0
0,0,0
0,0,0
0,0,0
0,0,0
0,0,0
0,0,0
0,0,0
0,0,0
0,0,0
0,0,0
0,0,0
0,0,0
0,0,0
0,0,0
0,0,0
0,0,0
0,0,0
0,0,0
0,0,0
0,0,0
0,0,0
0,0,0
0,0,0
0,0,0
0,0,0
0,0,0
0,0,0
0,0,0
0,0,0
0,0,0
0,0,0
0,0,0
0,0,0
0,0,0
0,0,0
0,0,0
0,0,0
0,0,0
0,0,0
0,0,0
0,0,0
0,0,0
0,0,0
0,0,0
0,0,0
0,0,0
0,0,0
0,0,0
0,0,0
0,0,0
0,0,0
0,0,0
0,0,0
0,0,0
0,0,0
0,0,0
0,0,0
0,0,0
0,0,0
0,0,0
0,0,0
0,0,0
0,0,0
0,0,0
0,0,0
0,0,0
0,0,0
0,0,0
0,0,0
0,0,0
0,0,0
0,0,0
0,0,0
0,0,0
0,0,0
0,0,0
0,0,0
0,0,0
0,0,0
0,0,0
0,0,0
0,0,0
0,0,0
0,0,0
0,0,0
0,0,0
0,0,0
0,0,0
0,0,0
0,0,0
0,0,0
0,0,0
0,0,0
0,0,0
0,0,0
0,0,0
0,0,0
0,0,0
0,0,0
0,0,0
0,0,0
0,0,0
0,0,0
0,0,0
0,0,0
0,0,0
0,0,0
0,0,0
0,0,0
0,0,0
0,0,0
0,0,0
0,0,0
0,0,0
0,0,0
0,0,0
0,0,0
0,0,0
0,0,0
0,0,0
0,0,0
0,0,0
0,0,0
0,0,0
0,0,0
0,0,0
0,0,0
0,0,0
0,0,0
0,0,0
0,0,0
0,0,0
0,0,0
0,0,0
0,0,0
0,0,0
0,0,0
0,0,0
0,0,0
0,0,0
0,0,0
0,0,0
0,0,0
0,0,0
0,0,0
0,0,0
0,0,0
0,0,0
0,0,0
0,0,0
0,0,0
0,0,0
0,0,0
0,0,0
0,0,0
0,0,0
0,0,0
0,0,0
0,0,0
0,0,0
0,0,0
0,0,0
0,0,0
0,0,0
0,0,0
0,0,0
0,0,0
0,0,0
0,0,0
0,0,0
0,0,0
0,0,0
0,0,0
0,0,0
0,0,0
0,0,0
0,0,0
0,0,0
0,0,0
0,0,0
0,0,0
0,0,0
0,0,0
0,0,0
0,0,0
0,0,0
0,0,0
0,0,0
0,0,0
0,0,0
0,0,0
0,0,0
0,0,0
0,0,0
0,0,0
0,0,0
0,0,0
0,0,0
0,0,0
0,0,0
0,0,0
0,0,0
0,0,0
0,0,0
0,0,0
0,0,0
0,0,0
0,0,0
0,0,0
0,0,0
0,0,0
0,0,0
0,0,0
0,0,0
0,0,0
0,0,0
0,0,0
0,0,0
0,0,0
0,0,0
0,0,0
0,0,0
0,0,0
0,0,0
0,0,0
0,0,0
0,0,0
0,0,0
0,0,0
0,0,0
0,0,0
0,0,0
0,0,0
0,0,0
0,0,0
0,0,0
0,0,0
0,0,0
0,0,0
0,0,0
0,0,0
0,0,0
0,0,0
0,0,0
0,0,0
0,0,0
0,0,0
0,0,0
0,0,0
0,0,0
0,0,0
0,0,0
0,0,0
0,0,0
0,0,0
0,0,0
0,0,0
0,0,0
0,0,0
0,0,0
0,0,0
0,0,0
0,0,0
0,0,0
0,0,0
0,0,0
0,0,0
0,0,0
0,0,0
0,0,0
0,0,0
0,0,0
0,0,0
0,0,0
0,0,0
0,0,0
0,0,0
0,0,0
0,0,0
0,0,0
0,0,0
0,0,0
0,0,0
0,0,0
0,0,0
0,0,0
0,0,0
0,0,0
0,0,0
0,0,0
0,0,0
0,0,0
0,0,0
0,0,0
0,0,0
0,0,0
0,0,0
0,0,0
0,0,0
0,0,0
0,0,0
0,0,0
0,0,0
0,0,0
0,0,0
0,0,0
0,0,0
0,0,0
0,0,0
0,0,0
0,0,0
0,0,0
0,0,0
0,0,0
0,0,0
0,0,0
0,0,0
0,0,0
0,0,0
0,0,0
0,0,0
0,0,0
0,0,0
0,0,0
0,0,0
0,0,0
0,0,0
0,0,0
0,0,0
0,0,0
0,0,0
0,0,0
0,0,0
0,0,0
0,0,0
0,0,0
0,0,0
0,0,0
0,0,0
0,0,0
0,0,0
0,0,0
0,0,0
0,0,0
0,0,0
0,0,0
0,0,0
0,0,0
0,0,0
0,0,0
0,0,0
0,0,0
0,0,0
0,0,0
0,0,0
0,0,0
0,0,0
0,0,0
0,0,0
0,0,0
0,0,0
0,0,0
0,0,0
0,0,0
0,0,0
0,0,0
0,0,0
0,0,0
0,0,0
0,0,0
0,0,0
0,0,0
0,0,0
0,0,0
0,0,0
0,0,0
0,0,0
0,0,0
0,0,0
0,0,0
0,0,0
0,0,0
0,0,0
0,0,0
0,0,0
0,0,0
0,0,0
0,0,0
0,0,0
0,0,0
0,0,0
0,0,0
0,0,0
0,0,0
0,0,0
0,0,0
0,0,0
0,0,0
0,0,0
0,0,0
0,0,0
0,0,0
0,0,0
0,0,0
0,0,0
0,0,0
0,0,0
0,0,0
0,0,0
0,0,0
0,0,0
0,0,0
0,0,0
0,0,0
0,0,0
0,0,0
0,0,0
0,0,0
0,0,0
0,0,0
0,0,0
0,0,0
0,0,0
0,0,0
0,0,0
0,0,0
0,0,0
0,0,0
0,0,0
0,0,0
0,0,0
0,0,0
0,0,0
0,0,0
0,0,0
0,0,0
0,0,0
0,0,0
0,0,0
0,0,0
0,0,0
0,0,0
0,0,0
0,0,0
0,0,0
0,0,0
0,0,0
0,0,0
0,0,0
0,0,0
0,0,0
0,0,0
0,0,0
0,0,0
0,0,0
0,0,0
0,0,0
0,0,0
0,0,0
0,0,0
0,0,0
0,0,0
0,0,0
0,0,0
0,0,0
0,0,0
0,0,0
0,0,0
0,0,0
0,0,0
0,0,0
0,0,0
0,0,0
0,0,0
0,0,0
0,0,0
0,0,0
0,0,0
0,0,0
0,0,0
0,0,0
0,0,0
0,0,0
0,0,0
0,0,0
0,0,0
0,0,0
0,0,0
0,0,0
0,0,0
0,0,0
0,0,0
0,0,0
0,0,0
0,0,0
0,0,0
0,0,0
0,0,0
0,0,0
0,0,0
0,0,0
0,0,0
0,0,0
0,0,0
0,0,0
0,0,0
0,0,0
0,0,0
0,0,0
0,0,0
0,0,0
0,0,0
0,0,0
0,0,0
0,0,0
0,0,0
0,0,0
0,0,0
0,0,0
0,0,0
0,0,0
0,0,0
0,0,0
0,0,0
0,0,0
0,0,0
0,0,0
0,0,0
0,0,0
0,0,0
0,0,0
0,0,0
0,0,0
0,0,0
0,0,0
0,0,0
0,0,0
0,0,0
0,0,0
0,0,0
0,0,0
0,0,0
0,0,0
0,0,0
0,0,0
0,0,0
0,0,0
0,0,0
0,0,0
0,0,0
0,0,0
0,0,0
0,0,0
0,0,0
0,0,0
0,0,0
0,0,0
0,0,0
0,0,0
0,0,0
0,0,0
0,0,0
0,0,0
0,0,0
0,0,0
0,0,0
0,0,0
0,0,0
0,0,0
0,0,0
0,0,0
0,0,0
0,0,0
0,0,0
0,0,0
0,0,0
0,0,0
0,0,0
0,0,0
0,0,0
0,0,0
0,0,0
0,0,0
0,0,0
0,0,0
0,0,0
0,0,0
0,0,0
0,0,0
0,0,0
0,0,0
0,0,0
0,0,0
0,0,0
0,0,0
0,0,0
0,0,0
0,0,0
0,0,0
0,0,0
0,0,0
0,0,0
0,0,0
0,0,0
0,0,0
0,0,0
0,0,0
0,0,0
0,0,0
0,0,0
0,0,0
0,0,0
0,0,0
0,0,0
0,0,0
0,0,0
0,0,0
0,0,0
0,0,0
0,0,0
0,0,0
0,0,0
0,0,0
0,0,0
0,0,0
0,0,0
0,0,0
0,0,0
0,0,0
0,0,0
0,0,0
0,0,0
0,0,0
0,0,0
0,0,0
0,0,0
0,0,0
0,0,0
0,0,0
0,0,0
0,0,0
0,0,0
0,0,0
0,0,0
0,0,0
0,0,0
0,0,0
0,0,0
0,0,0
0,0,0
0,0,0
0,0,0
0,0,0
0,0,0
0,0,0
0,0,0
0,0,0
0,0,0
0,0,0
0,0,0
0,0,0
0,0,0
0,0,0
0,0,0
0,0,0
0,0,0
0,0,0
0,0,0
0,0,0
0,0,0
0,0,0
0,0,0
0,0,0
0,0,0
0,0,0
0,0,0
0,0,0
0,0,0
0,0,0
0,0,0
0,0,0
0,0,0
0,0,0
0,0,0
0,0,0
0,0,0
0,0,0
0,0,0
0,0,0
0,0,0
0,0,0
0,0,0
0,0,0
0,0,0
0,0,0
0,0,0
0,0,0
0,0,0
0,0,0
0,0,0
0,0,0
0,0,0
0,0,0
0,0,0
0,0,0
0,0,0
0,0,0
0,0,0
0,0,0
0,0,0
0,0,0
0,0,0
0,0,0
0,0,0
0,0,0
0,0,0
0,0,0
0,0,0
0,0,0
0,0,0
0,0,0
0,0,0
0,0,0
0,0,0
0,0,0
0,0,0
0,0,0
0,0,0
0,0,0
0,0,0
0,0,0
0,0,0
0,0,0
0,0,0
0,0,0
0,0,0
0,0,0
0,0,0
0,0,0
0,0,0
0,0,0
0,0,0
0,0,0
0,0,0
0,0,0
0,0,0
0,0,0
0,0,0
0,0,0
0,0,0
0,0,0
0,0,0
0,0,0
0,0,0
0,0,0
0,0,0
0,0,0
0,0,0
0,0,0
0,0,0
0,0,0
0,0,0
0,0,0
0,0,0
0,0,0
0,0,0
0,0,0
0,0,0
0,0,0
0,0,0
0,0,0
0,0,0
0,0,0
0,0,0
0,0,0
0,0,0
0,0,0
0,0,0
0,0,0
0,0,0
0,0,0
0,0,0
0,0,0
0,0,0
0,0,0
0,0,0
0,0,0
0,0,0
0,0,0
0,0,0
0,0,0
0,0,0
0,0,0
0,0,0
0,0,0
0,0,0
0,0,0
0,0,0
0,0,0
0,0,0
0,0,0
0,0,0
0,0,0
0,0,0
0,0,0
0,0,0
0,0,0
0,0,0
0,0,0
0,0,0
0,0,0
0,0,0
0,0,0
0,0,0
0,0,0
0,0,0
0,0,0
0,0,0
0,0,0
0,0,0
0,0,0
0,0,0
0,0,0
0,0,0
0,0,0
0,0,0
0,0,0
0,0,0
0,0,0
0,0,0
0,0,0
0,0,0
0,0,0
0,0,0
0,0,0
0,0,0
0,0,0
0,0,0
0,0,0
0,0,0
0,0,0
0,0,0
0,0,0
0,0,0
0,0,0
0,0,0
0,0,0
0,0,0
0,0,0
0,0,0
0,0,0
0,0,0
0,0,0
0,0,0
0,0,0
0,0,0
0,0,0
0,0,0
0,0,0
0,0,0
0,0,0
0,0,0
0,0,0
0,0,0
0,0,0
0,0,0
0,0,0
0,0,0
0,0,0
0,0,0
0,0,0
0,0,0
0,0,0
0,0,0
0,0,0
0,0,0
0,0,0
0,0,0
0,0,0
0,0,0
0,0,0
0,0,0
0,0,0
0,0,0
0,0,0
0,0,0
0,0,0
0,0,0
0,0,0
0,0,0
0,0,0
0,0,0
0,0,0
0,0,0
0,0,0
0,0,0
0,0,0
0,0,0
0,0,0
0,0,0
0,0,0
0,0,0
0,0,0
0,0,0
0,0,0
0,0,0
0,0,0
0,0,0
0,0,0
0,0,0
0,0,0
0,0,0
0,0,0
0,0,0
0,0,0
0,0,0
0,0,0
0,0,0
0,0,0
0,0,0
0,0,0
0,0,0
0,0,0
0,0,0
0,0,0
0,0,0
0,0,0
0,0,0
0,0,0
0,0,0
0,0,0
0,0,0
0,0,0
0,0,0
0,0,0
0,0,0
0,0,0
0,0,0
0,0,0
0,0,0
0,0,0
0,0,0
0,0,0
0,0,0
0,0,0
0,0,0
0,0,0
0,0,0
0,0,0
0,0,0
0,0,0
0,0,0
0,0,0
0,0,0
0,0,0
0,0,0
0,0,0
0,0,0
0,0,0
0,0,0
0,0,0
0,0,0
0,0,0
0,0,0
0,0,0
0,0,0
0,0,0
0,0,0
0,0,0
0,0,0
0,0,0
0,0,0
0,0,0
0,0,0
0,0,0
0,0,0
0,0,0
0,0,0
0,0,0
0,0,0
0,0,0
0,0,0
0,0,0
0,0,0
0,0,0
0,0,0
0,0,0
0,0,0
0,0,0
0,0,0
0,0,0
0,0,0
0,0,0
0,0,0
0,0,0
0,0,0
0,0,0
0,0,0
0,0,0
0,0,0
0,0,0
0,0,0
0,0,0
0,0,0
0,0,0
0,0,0
0,0,0
0,0,0
0,0,0
0,0,0
0,0,0
0,0,0
0,0,0
0,0,0
0,0,0
0,0,0
0,0,0
0,0,0
0,0,0
0,0,0
0,0,0
0,0,0
0,0,0
0,0,0
0,0,0
0,0,0
0,0,0
0,0,0
0,0,0
0,0,0
0,0,0
0,0,0
0,0,0
0,0,0
0,0,0
0,0,0
0,0,0
0,0,0
0,0,0
0,0,0
0,0,0
0,0,0
0,0,0
0,0,0
0,0,0
0,0,0
0,0,0
0,0,0
0,0,0
0,0,0
0,0,0
0,0,0
0,0,0
0,0,0
0,0,0
0,0,0
0,0,0
0,0,0
0,0,0
0,0,0
0,0,0
0,0,0
0,0,0
0,0,0
0,0,0
0,0,0
0,0,0
0,0,0
0,0,0
0,0,0
0,0,0
0,0,0
0,0,0
0,0,0
0,0,0
0,0,0
0,0,0
0,0,0
0,0,0
0,0,0
0,0,0
0,0,0
0,0,0
0,0,0
0,0,0
0,0,0
0,0,0
0,0,0
0,0,0
0,0,0
0,0,0
0,0,0
0,0,0
0,0,0
0,0,0
0,0,0
0,0,0
0,0,0
0,0,0
0,0,0
0,0,0
0,0,0
0,0,0
0,0,0
0,0,0
0,0,0
0,0,0
0,0,0
0,0,0
0,0,0
0,0,0
0,0,0
0,0,0
0,0,0
0,0,0
0,0,0
0,0,0
0,0,0
0,0,0
0,0,0
0,0,0
0,0,0
0,0,0
0,0,0
0,0,0
0,0,0
0,0,0
0,0,0
0,0,0
0,0,0
0,0,0
0,0,0
0,0,0
0,0,0
0,0,0
0,0,0
0,0,0
0,0,0
0,0,0
0,0,0
0,0,0
0,0,0
0,0,0
0,0,0
0,0,0
0,0,0
0,0,0
0,0,0
0,0,0
0,0,0
0,0,0
0,0,0
0,0,0
0,0,0
0,0,0
0,0,0
0,0,0
0,0,0
0,0,0
0,0,0
0,0,0
0,0,0
0,0,0
0,0,0
0,0,0
0,0,0
0,0,0
0,0,0
0,0,0
0,0,0
0,0,0
0,0,0
0,0,0
0,0,0
0,0,0
0,0,0
0,0,0
0,0,0
0,0,0
0,0,0
0,0,0
0,0,0
0,0,0
0,0,0
0,0,0
0,0,0
0,0,0
0,0,0
0,0,0
0,0,0
0,0,0
0,0,0
0,0,0
0,0,0
0,0,0
0,0,0
0,0,0
0,0,0
0,0,0
0,0,0
0,0,0
0,0,0
0,0,0
0,0,0
0,0,0
0,0,0
0,0,0
0,0,0
0,0,0
0,0,0
0,0,0
0,0,0
0,0,0
0,0,0
0,0,0
0,0,0
0,0,0
0,0,0
0,0,0
0,0,0
0,0,0
0,0,0
0,0,0
0,0,0
0,0,0
0,0,0
0,0,0
0,0,0
0,0,0
0,0,0
0,0,0
0,0,0
0,0,0
0,0,0
0,0,0
0,0,0
0,0,0
0,0,0
0,0,0
0,0,0
0,0,0
0,0,0
0,0,0
0,0,0
0,0,0
0,0,0
0,0,0
0,0,0
0,0,0
0,0,0
0,0,0
0,0,0
0,0,0
0,0,0
0,0,0
0,0,0
0,0,0
0,0,0
0,0,0
0,0,0
0,0,0
0,0,0
0,0,0
0,0,0
0,0,0
0,0,0
0,0,0
0,0,0
0,0,0
0,0,0
0,0,0
0,0,0
0,0,0
0,0,0
0,0,0
0,0,0
0,0,0
0,0,0
0,0,0
0,0,0
0,0,0
0,0,0
0,0,0
0,0,0
0,0,0
0,0,0
0,0,0
0,0,0
0,0,0
0,0,0
0,0,0
0,0,0
0,0,0
0,0,0
0,0,0
0,0,0
0,0,0
0,0,0
0,0,0
0,0,0
0,0,0
0,0,0
0,0,0
0,0,0
0,0,0
0,0,0
0,0,0
0,0,0
0,0,0
0,0,0
0,0,0
0,0,0
0,0,0
0,0,0
0,0,0
0,0,0
0,0,0
0,0,0
0,0,0
0,0,0
0,0,0
0,0,0
0,0,0
0,0,0
0,0,0
0,0,0
0,0,0
0,0,0
0,0,0
0,0,0
0,0,0
0,0,0
0,0,0
0,0,0
0,0,0
0,0,0
0,0,0
0,0,0
0,0,0
0,0,0
0,0,0
0,0,0
0,0,0
0,0,0
0,0,0
0,0,0
0,0,0
0,0,0
0,0,0
0,0,0
0,0,0
0,0,0
0,0,0
0,0,0
0,0,0
0,0,0
0,0,0
0,0,0
0,0,0
0,0,0
0,0,0
0,0,0
0,0,0
0,0,0
0,0,0
0,0,0
0,0,0
0,0,0
0,0,0
0,0,0
0,0,0
0,0,0
0,0,0
0,0,0
0,0,0
0,0,0
0,0,0
0,0,0
0,0,0
0,0,0
0,0,0
0,0,0
0,0,0
0,0,0
0,0,0
0,0,0
0,0,0
0,0,0
0,0,0
0,0,0
0,0,0
0,0,0
0,0,0
0,0,0
0,0,0
0,0,0
0,0,0
0,0,0
0,0,0
0,0,0
0,0,0
0,0,0
0,0,0
0,0,0
0,0,0
0,0,0
0,0,0
0,0,0
0,0,0
0,0,0
0,0,0
0,0,0
0,0,0
0,0,0
0,0,0
0,0,0
0,0,0
0,0,0
0,0,0
0,0,0
0,0,0
0,0,0
0,0,0
0,0,0
0,0,0
0,0,0
0,0,0
0,0,0
0,0,0
0,0,0
0,0,0
0,0,0
0,0,0
0,0,0
0,0,0
0,0,0
0,0,0
0,0,0
0,0,0
0,0,0
0,0,0
0,0,0
0,0,0
0,0,0
0,0,0
0,0,0
0,0,0
0,0,0
0,0,0
0,0,0
0,0,0
0,0,0
0,0,0
0,0,0
0,0,0
0,0,0
0,0,0
0,0,0
0,0,0
0,0,0
0,0,0
0,0,0
0,0,0
0,0,0
0,0,0
0,0,0
0,0,0
0,0,0
0,0,0
0,0,0
0,0,0
0,0,0
0,0,0
0,0,0
0,0,0
0,0,0
0,0,0
0,0,0
0,0,0
0,0,0
0,0,0
0,0,0
0,0,0
0,0,0
0,0,0
0,0,0
0,0,0
0,0,0
0,0,0
0,0,0
0,0,0
0,0,0
0,0,0
0,0,0
0,0,0
0,0,0
0,0,0
0,0,0
0,0,0
0,0,0
0,0,0
0,0,0
0,0,0
0,0,0
0,0,0
0,0,0
0,0,0
0,0,0
0,0,0
0,0,0
0,0,0
0,0,0
0,0,0
0,0,0
0,0,0
0,0,0
0,0,0
0,0,0
0,0,0
0,0,0
0,0,0
0,0,0
0,0,0
0,0,0
0,0,0
0,0,0
0,0,0
0,0,0
0,0,0
0,0,0
0,0,0
0,0,0
0,0,0
0,0,0
0,0,0
0,0,0
0,0,0
0,0,0
0,0,0
0,0,0
0,0,0
0,0,0
0,0,0
0,0,0
0,0,0
0,0,0
0,0,0
0,0,0
0,0,0
0,0,0
0,0,0
0,0,0
0,0,0
0,0,0
0,0,0
0,0,0
0,0,0
0,0,0
0,0,0
0,0,0
0,0,0
0,0,0
0,0,0
0,0,0
0,0,0
0,0,0
0,0,0
0,0,0
0,0,0
0,0,0
0,0,0
0,0,0
0,0,0
0,0,0
0,0,0
0,0,0
0,0,0
0,0,0
0,0,0
0,0,0
0,0,0
0,0,0
0,0,0
0,0,0
0,0,0
0,0,0
0,0,0
0,0,0
0,0,0
0,0,0
0,0,0
0,0,0
0,0,0
0,0,0
0,0,0
0,0,0
0,0,0
0,0,0
0,0,0
0,0,0
0,0,0
0,0,0
0,0,0
0,0,0
0,0,0
0,0,0
0,0,0
0,0,0
0,0,0
0,0,0
0,0,0
0,0,0
0,0,0
0,0,0
0,0,0
0,0,0
0,0,0
0,0,0
0,0,0
0,0,0
0,0,0
0,0,0
0,0,0
0,0,0
0,0,0
0,0,0
0,0,0
0,0,0
0,0,0
0,0,0
0,0,0
0,0,0
0,0,0
0,0,0
0,0,0
0,0,0
0,0,0
0,0,0
0,0,0
0,0,0
0,0,0
0,0,0
0,0,0
0,0,0
0,0,0
0,0,0
0,0,0
0,0,0
0,0,0
0,0,0
0,0,0
0,0,0
0,0,0
0,0,0
0,0,0
0,0,0
0,0,0
0,0,0
0,0,0
0,0,0
0,0,0
0,0,0
0,0,0
0,0,0
0,0,0
0,0,0
0,0,0
0,0,0
0,0,0
0,0,0
0,0,0
0,0,0
0,0,0
0,0,0
0,0,0
0,0,0
0,0,0
0,0,0
0,0,0
0,0,0
0,0,0
0,0,0
0,0,0
0,0,0
0,0,0
0,0,0
0,0,0
0,0,0
0,0,0
0,0,0
0,0,0
0,0,0
0,0,0
0,0,0
0,0,0
0,0,0
0,0,0
0,0,0
0,0,0
0,0,0
0,0,0
0,0,0
0,0,0
0,0,0
0,0,0
0,0,0
0,0,0
0,0,0
0,0,0
0,0,0
0,0,0
0,0,0
0,0,0
0,0,0
0,0,0
0,0,0
0,0,0
0,0,0
0,0,0
0,0,0
0,0,0
0,0,0
0,0,0
0,0,0
0,0,0
0,0,0
0,0,0
0,0,0
0,0,0
0,0,0
0,0,0
0,0,0
0,0,0
0,0,0
0,0,0
0,0,0
0,0,0
0,0,0
0,0,0
0,0,0
0,0,0
0,0,0
0,0,0
0,0,0
0,0,0
0,0,0
0,0,0
0,0,0
0,0,0
0,0,0
0,0,0
0,0,0
0,0,0
0,0,0
0,0,0
0,0,0
0,0,0
0,0,0
0,0,0
0,0,0
0,0,0
0,0,0
0,0,0
0,0,0
0,0,0
0,0,0
0,0,0
0,0,0
0,0,0
0,0,0
0,0,0
0,0,0
0,0,0
0,0,0
0,0,0
0,0,0
0,0,0
0,0,0
0,0,0
0,0,0
0,0,0
0,0,0
0,0,0
0,0,0
0,0,0
0,0,0
0,0,0
0,0,0
0,0,0
0,0,0
0,0,0
0,0,0
0,0,0
0,0,0
0,0,0
0,0,0
0,0,0
0,0,0
0,0,0
0,0,0
0,0,0
0,0,0
0,0,0
0,0,0
0,0,0
0,0,0
0,0,0
0,0,0
0,0,0
0,0,0
0,0,0
0,0,0
0,0,0
0,0,0
0,0,0
0,0,0
0,0,0
0,0,0
0,0,0
0,0,0
0,0,0
0,0,0
0,0,0
0,0,0
0,0,0
0,0,0
0,0,0
0,0,0
0,0,0
0,0,0
0,0,0
0,0,0
0,0,0
0,0,0
0,0,0
0,0,0
0,0,0
0,0,0
0,0,0
0,0,0
0,0,0
0,0,0
0,0,0
0,0,0
0,0,0
0,0,0
0,0,0
0,0,0
0,0,0
0,0,0
0,0,0
0,0,0
0,0,0
0,0,0
0,0,0
0,0,0
0,0,0
0,0,0
0,0,0
0,0,0
0,0,0
0,0,0
0,0,0
0,0,0
0,0,0
0,0,0
0,0,0
0,0,0
0,0,0
0,0,0
0,0,0
0,0,0
0,0,0
0,0,0
0,0,0
0,0,0
0,0,0
0,0,0
0,0,0
0,0,0
0,0,0
0,0,0
0,0,0
0,0,0
0,0,0
0,0,0
0,0,0
0,0,0
0,0,0
0,0,0
0,0,0
0,0,0
0,0,0
0,0,0
0,0,0
0,0,0
0,0,0
0,0,0
0,0,0
0,0,0
0,0,0
0,0,0
0,0,0
0,0,0
0,0,0
0,0,0
0,0,0
0,0,0
0,0,0
0,0,0
0,0,0
0,0,0
0,0,0
0,0,0
0,0,0
0,0,0
0,0,0
0,0,0
0,0,0
0,0,0
0,0,0
0,0,0
0,0,0
0,0,0
0,0,0
0,0,0
0,0,0
0,0,0
0,0,0
0,0,0
0,0,0
0,0,0
0,0,0
0,0,0
0,0,0
0,0,0
0,0,0
0,0,0
0,0,0
0,0,0
0,0,0
0,0,0
0,0,0
0,0,0
0,0,0
0,0,0
0,0,0
0,0,0
0,0,0
0,0,0
0,0,0
0,0,0
0,0,0
0,0,0
0,0,0
0,0,0
0,0,0
0,0,0
0,0,0
0,0,0
0,0,0
0,0,0
0,0,0
0,0,0
0,0,0
0,0,0
0,0,0
0,0,0
0,0,0
0,0,0
0,0,0
0,0,0
0,0,0
0,0,0
0,0,0
0,0,0
0,0,0
0,0,0
0,0,0
0,0,0
0,0,0
0,0,0
0,0,0
0,0,0
0,0,0
0,0,0
0,0,0
0,0,0
0,0,0
0,0,0
0,0,0
0,0,0
0,0,0
0,0,0
0,0,0
0,0,0
0,0,0
0,0,0
0,0,0
0,0,0
0,0,0
0,0,0
0,0,0
0,0,0
0,0,0
0,0,0
0,0,0
0,0,0
0,0,0
0,0,0
0,0,0
0,0,0
0,0,0
0,0,0
0,0,0
0,0,0
0,0,0
0,0,0
0,0,0
0,0,0
0,0,0
0,0,0
0,0,0
0,0,0
0,0,0
0,0,0
0,0,0
0,0,0
0,0,0
0,0,0
0,0,0
0,0,0
0,0,0
0,0,0
0,0,0
0,0,0
0,0,0
0,0,0
0,0,0
0,0,0
0,0,0
0,0,0
0,0,0
0,0,0
0,0,0
0,0,0
0,0,0
0,0,0
0,0,0
0,0,0
0,0,0
0,0,0
0,0,0
0,0,0
0,0,0
0,0,0
0,0,0
0,0,0
0,0,0
0,0,0
0,0,0
0,0,0
0,0,0
0,0,0
0,0,0
0,0,0
0,0,0
0,0,0
0,0,0
0,0,0
0,0,0
0,0,0
0,0,0
0,0,0
0,0,0
0,0,0
0,0,0
